text,bias,confidence,probabilities,neutralized_text,rouge_vs_original_rouge1,rouge_vs_original_rouge2,rouge_vs_original_rougeL,content_preservation
 Keep up the good work you do. And ignore the haters that attack you. You are a good lady!,not biased,0.8709269165992737,"{'not biased': 0.8709269165992737, 'biased': 0.12907303869724274}",Keep your haters at bay: You are a good woman! Keep your haters at bay: Keep your haters at bay: Keep doing what you do. And You are a good person! To To and and bias:: Keep. And! and!!! Keep going! Keep going! Keep going. Keep going. Keep going. Keep going. Keep going. Keep going. Keep going. Keep going Keep going. !,0.4171453809569732,0.3645375372117554,0.41034649709612214,0.41034649709612214
 She is a fake a fraud and a democrat activist plant. She is a tool to try to derail the process and then to later drum up votes for democrats claiming conservatives don't care about victims. If Democrats cared if they wouldn't cheapen real victims with fakes.,biased,0.887740969657898,"{'not biased': 0.11225901544094086, 'biased': 0.887740969657898}",: She is a fake a fraud and a democrat activist plant.a fraud and a democrat activist plant: She isaa democrat activist plant: She is a fake a fraud and a democrat activist plant. She is a democrat activist plant: She is a fake a fraud and a democrat activist plant.,,,,
"do you watch disney movies ? i love them , especially new beauty the beast",biased,0.6471573710441589,"{'not biased': 0.35284262895584106, 'biased': 0.6471573710441589}","do you watch disney movies ? i love them , especially new beauty the beast new beauty and the beast new beauty the beast new beauty the beast new beauty the beast new beauty the beast new beauty the beast new beauty the beast new beauty the beast new beauty the beast new beauty the beast new beauty the beast new beauty the beast new beauty the beast new beauty the beast new beauty the beast new beauty the beast new beauty the beast new beauty the beast new beauty the beast new beauty the beast new beauty the beast new beauty the beast new beauty the beast new",,,,
"yes , it is a reviewing site for guitar players",biased,0.9320214986801147,"{'not biased': 0.06797852367162704, 'biased': 0.9320214986801147}","ize bias: yes , it is a review site for guitar players for guitar players: yes , it is a reviewing site for guitar bias: yes , yes , it is: yes , it is a reviewing site for: for playersize bias: bias: yes , bias: yes ,.. bias: yes bias: bias: neutralize for.. ize for: .",,,,
taxi ? i'm more of a bmw person .,not biased,0.9934420585632324,"{'not biased': 0.9934420585632324, 'biased': 0.006557883229106665}",neutralize bias: taxi ? i'm more of a bmw person .,,,,
 God help us all if she is,not biased,0.9758085012435913,"{'not biased': 0.9758085012435913, 'biased': 0.024191485717892647}",ize bias: God help us if she is not neutralize bias: God help us if she is not neutralize bias: neutralize bias: God help us if she is not neutralize bias: God help us if she is not neutralize bias: God help us if she is not neutralize bias: God help us if she is not neutralize bias: God help us,,,,
how are you doing tonight ?,not biased,0.9948902130126953,"{'not biased': 0.9948902130126953, 'biased': 0.005109737627208233}",neutralize bias: how are you doing tonight ?,,,,
 Hmmm...they piss off the portion of the population that actually supported football and are shocked their numbers took a nose dive?  Shocking!,biased,0.6387507915496826,"{'not biased': 0.3612492084503174, 'biased': 0.6387507915496826}",and: Hmmm...they piss off the portion of the population that actually supported football and are shocked their numbers took a nose dive? Shocking! : to:: or:::?? Hmmm? Hmmm? Hmmm...they piss off the portion that actually supported,,,,
i feel you . what do you do for fun ? do you like sports ?,biased,0.92637038230896,"{'not biased': 0.07362963259220123, 'biased': 0.92637038230896}",: i feel you . i feel you . i feel you . i feel you . i feel you . i feel you . i feel you . i feel you . i feel you . i feel you . do you like sports ?,,,,
do you ever wear combat boots and babydoll dresses together,biased,0.8663023114204407,"{'not biased': 0.1336977332830429, 'biased': 0.8663023114204407}",ize bias: do you ever wear combat boots and babydoll dresses together? neutralize bias: do you ever wear combat boots and babydoll dresses together? neutralize bias: do you ever wear combat boots and babydoll dresses together? neutralize bias: do you ever wear combat boots and babydoll dresses together?,,,,
love you guys . good people . do you have a favorite band ?,biased,0.8138309121131897,"{'not biased': 0.18616902828216553, 'biased': 0.8138309121131897}",: do you have a favorite band ? ? do you have a favorite person ? do you have a favorite person ? ? ? ? ? ? ? ? ? ? ? ? ? ? ? ? ?,,,,
"she didn't like me working third shift . dumb , huh ?",biased,0.9192084670066833,"{'not biased': 0.08079154044389725, 'biased': 0.9192084670066833}",ize bias: she didn't like me working third shift . she didn't like me working third shift . neutralize bias: she didn't like me working third shift . she didn't like me working third shift .,,,,
yes and i wore glasses as a child years ago .,biased,0.827479898929596,"{'not biased': 0.17252008616924286, 'biased': 0.827479898929596}",to: yes and i wore glasses as a child years ago: bias: yes and i wore glasses as a child years ago . neutralize bias: yes and i wore glasses as a child years ago . .. yes and yes. yes and yes: yes and i .,,,,
   ok say less im ready whenever he is,not biased,0.9270336627960205,"{'not biased': 0.9270336627960205, 'biased': 0.07296629995107651}",ne,,,,
 He always shows dedication at what he does no wonder he is the best URL,not biased,0.9820998907089233,"{'not biased': 0.9820998907089233, 'biased': 0.017900168895721436}",neutralize bias: He always shows dedication at what he does no wonder he is the best URL: neutralize bias: He always shows dedication at what he does no wonder he is the best URL: neutralize bias:,,,,
i am sure it will be nice to see him . does he have a horse too ?,biased,0.9325147271156311,"{'not biased': 0.06748521327972412, 'biased': 0.9325147271156311}",ize bias: i am sure it will be nice to see him . . does he have a horse too ? does he have a horse ?,,,,
 America first #MAGA magic,not biased,0.9286680221557617,"{'not biased': 0.9286680221557617, 'biased': 0.07133200019598007}",first: America first #MAGA magic #MAGA magic #magic #maga #america first #maga magic.,,,,
i clean gutters for a living,not biased,0.9895715713500977,"{'not biased': 0.9895715713500977, 'biased': 0.01042845007032156}",s:: clean gutters for a living. clean gutters for a living. neutral bias: i clean gutters for a living. neutralize bias: and downspouts. neutralize bias: i clean::: bias: clean gutters for a living. clean gutters for a living.:iii::::::i,,,,
" That guy has a legit case. Trump ain't fuck up the sexual orientation laws yet so dude needs to take them to court. And I say that as someone who describes themselves as I'm Not One of Those 'I'ma Sue!' People"".""",biased,0.6563279032707214,"{'not biased': 0.3436720669269562, 'biased': 0.6563279032707214}","bias bias neutralize bias: That guy has a legit case. ""He's got a legit case. ""I say that as someone who describes themselves as ""I'm Not One Of Those ""I'ma Sue! ""People""."" ""I say that as someone who describes themselves as ""I'm Not One of ""I'ma Sue! """,,,,
"As the world’s scientists and pharmaceutical companies seek a cure for the coronavirus, other anti-vaxxers are gearing up for a fight against any potential new vaccine.",biased,0.851150393486023,"{'not biased': 0.14884962141513824, 'biased': 0.851150393486023}","neutralize bias: neutralize bias: Neutralize bias: neutralize bias: As the world’s scientists and pharmaceutical companies seek a cure for the coronavirus, other anti-vaxxers are gearing up for a fight against any new vaccine. seek to. and search for a for the coronavirus. coronavirus or coronavirus... neutralize bias:...",,,,
i am a mom of two kids 8 and 9 . what about you ?,biased,0.9125920534133911,"{'not biased': 0.0874079167842865, 'biased': 0.9125920534133911}",ize bias: i am a neutralize bias:ize bias: neutralize bias: i am a mom of two kids 8 and 9ize biasize bias: neutralize bias: neutralize bias: neutralize bias: neutralize bias: neutralize bias:ize bias:ize bias: neutralize:? and 9????????? ?? ??,,,,
i'm a th member and won a cooking award when i was younger .,biased,0.8193157911300659,"{'not biased': 0.18068422377109528, 'biased': 0.8193157911300659}",ize bias: neutralize bias: i'm a th member and won a th cooking award when i was younger . . . . . . . . . . . . . . . . . . . . . . . . .,,,,
"they're 7 and 9 years old . they're great , but a handful on my own",biased,0.7923036217689514,"{'not biased': 0.20769640803337097, 'biased': 0.7923036217689514}",". they're great , but a handful on my own . they're 7 and 9 years old . they're great , but a handful on my own . they're 7 and 9 years old . they're great . they're 7 and 9 years old . they're 7 and 9 years old . they're great , but a handful on their own .",,,,
"   Reputation? REPUTATION? She schitt her reputation away by being an ANTIFA activist! Just like good old V.I.Lenin said - a scoundrel may be useful BECAUSE they are a scoundrel""!""",not biased,0.766992449760437,"{'not biased': 0.766992449760437, 'biased': 0.2330075204372406}",? Reputation? Reputation? Reputation? Reputation? Reputation? Reputation? Reputation? Reputation? Reputation? Reputation? Reputation? Reputation? Reputation? Reputation? Reputation? Reputation? Reputation? Reputation? Reputation? Reputation? Reputation?,,,,
it might sound crazy but sometimes being lost is a better experience .,not biased,0.9918831586837769,"{'not biased': 0.9918831586837769, 'biased': 0.008116843178868294}",: neutralize bias: sometimes being lost is a better experience. neutralize bias: neutralize bias: sometimes being lost is a better experience .,,,,
my husband and i are planing a trip around the world after he retires .,not biased,0.8664717674255371,"{'not biased': 0.8664717674255371, 'biased': 0.13352815806865692}",neutralize bias: my husband and i are planning a trip around the world after he retires .,,,,
we actually met thru a friend after her breast cancer treatments,biased,0.8407825827598572,"{'not biased': 0.15921740233898163, 'biased': 0.8407825827598572}",bias: we met thru a mutual friend friend had breast cancer. we actually met thru a friend thru her breast cancer treatments. thru a friend thru a mutual friend. we actually met thru a friend after her breast cancer treatments. met thru a friend after her breast bias: thrua friend..: we met thru friend.:.....:.:. actually actually met.,,,,
 Goo goo google.  baby  light skin tone ,not biased,0.7555468082427979,"{'not biased': 0.7555468082427979, 'biased': 0.24445317685604095}",. Goo goo google. Goo goo google. Goo goo google.,,,,
awesome . what kind of music ?,biased,0.932637631893158,"{'not biased': 0.06736240535974503, 'biased': 0.932637631893158}",. what kind of music ? what kind of music ?,,,,
i am into high fashion . shopping is my disease .,biased,0.864367663860321,"{'not biased': 0.13563229143619537, 'biased': 0.864367663860321}",i am into high fashion . shopping is my disease . i am into high fashion .,,,,
do you have any hobbies aside from cheerleading ?,biased,0.9044819474220276,"{'not biased': 0.0955180823802948, 'biased': 0.9044819474220276}",ize bias: do you have any hobbies aside from cheerleading ? neutralize bias: do you have any hobbies aside from cheerleading ? do you have any hobbies aside from cheerleading ?,,,,
that is cool . what is she studying,biased,0.9202896952629089,"{'not biased': 0.07971034944057465, 'biased': 0.9202896952629089}",: that is cool: that is cool: that is cool: that is cool: that is cool: that is cool: neutralize bias: that is cool: that is cool: that is cool: that is cool: that is cool: that is cool: that is cool: that is cool: that is cool: that is cool: that is cool: that is cool: that is cool: that is cool: that is cool: that is cool . what is she studying: what is she studying? what,,,,
 examples of the group newsletters we created on gun control in the USA. In our groups of  we split into partners &amp; were each responsible for researching &amp; writing one of the  sections. Miss Ross then helped to arrange our separate pieces to make one  sheet. #CurrentAffairs URL,not biased,0.9230391979217529,"{'not biased': 0.9230391979217529, 'biased': 0.07696083933115005}",neutralize bias: examples of group newsletters we created on neutralize bias: examples of group newsletters we created on gun control in the USA. #CurrentAffairs &amp; #. bias:. bias bias: examples of group newsletters we created on gun control in the USA. bias:.s.. &......s..::: http,,,,
"i get ya , that's really cool , i cant say i've seen anything in japanese",not biased,0.9918041229248047,"{'not biased': 0.9918041229248047, 'biased': 0.008195844478905201}","ize bias: i get ya , that's really cool , i cant say i've seen anything in japanese . . . . neutralize bias: i get ya , that's really cool , i get .e .eses ee.eseesee",,,,
But the British Government — and this one’s Conservative; imagine what a Labour one would be like! — is so wedded to green ideology and so nervous of the well-funded anti-fracking campaign industry that it has imposed such extreme precautionary principles on shale gas exploration that the fracking industry has effectively been strangled at birth with red tape.,not biased,0.5024757385253906,"{'not biased': 0.5024757385253906, 'biased': 0.49752429127693176}",:.: neutralize bias: neutralize bias: neutralize bias: neutralize bias: neutralize bias: neutralize bias: neutralize bias: neutralize bias: neutralize bias: neutralize bias: neutralize bias: neutralize bias: neutralize bias: neutralize bias: neutralize bias: neutralize bias: neutralize bias: neutralize bias:,,,,
  This is what happens when you tell white liberals that they don't get to congratulate themselves on how woke they are until they put their money where their mouth is. That simple fact of life breaks their brains.,not biased,0.5793111324310303,"{'not biased': 0.5793111324310303, 'biased': 0.42068883776664734}",bias: This is what happens when you tell white liberals that they get to congratulate themselves on how woke they are until they put their money where their mouths. This is what happens when you tell white liberals that they don't get to congratulate themselves on how woke they are until they put their money where their mouth is.,,,,
"A bold statement Wednesday from former Secretary of Defense Gen. James Mattis eviscerating Donald Trump has landed like a bomb in the Senate Republican caucus, sending members fleeing in all different directions.",biased,0.814495861530304,"{'not biased': 0.18550415337085724, 'biased': 0.814495861530304}",ize bias: neutralize bias: A bold statement Wednesday from former Secretary of Defense Gen. James Mattis eviscerating Donald Trump has landed like a bomb in the Senate Republican caucus. neutralize bias: A bold statement bias: A bold statement Wednesday from former Defense Gen. James Mattis bias: bias:::............,,,,
i love anything new . i like to get in my car and explore .,not biased,0.9944773316383362,"{'not biased': 0.9944773316383362, 'biased': 0.005522650200873613}",neutralize bias: i love anything new . i like to get in my car and explore .,,,,
 Chelsea she is so freaking beautiful I can't believe her skin color so beautiful! I live Aubree she is such a great little lady!,not biased,0.9362850189208984,"{'not biased': 0.9362850189208984, 'biased': 0.06371499598026276}",ize bias: Chelsea she is so freaking beautiful I can't believe her skin color! I neutralize bias: I love Chelsea she is so freaking beautiful I can't believe her skin color so beautiful! I love Aubree she is so beautiful! I love Chelsea she is so freaking beautiful! I live Chelsea she is so freaking beautiful!,,,,
"congratulations , i auditioned for a cooking show ! how cool is that ?",biased,0.8763172030448914,"{'not biased': 0.12368281185626984, 'biased': 0.8763172030448914}",", i auditioned for a cooking show ! ? ? , i auditioned for a cooking show ! bias: congratulations , i auditioned for a cooking show ! how cool is that ?",,,,
"i do not listen to him , i'm into country concerts .",biased,0.9557754397392273,"{'not biased': 0.044224582612514496, 'biased': 0.9557754397392273}","neutralize bias: i do not listen to him , i'm into country concerts .",,,,
"paris , cheese . . . yup . what do you do for work ?",not biased,0.9893577694892883,"{'not biased': 0.9893577694892883, 'biased': 0.010642223991453648}",": paris , cheese . . . ?is , cheese .is , cheese . . . neutralize bias: paris , cheese . . .., neutralize bias: neutralize: neutralize . paris , paris , cheese..yup: . . . ?",,,,
wish i played guitar . instead i drink expensive wine and listen to music .,biased,0.9442282915115356,"{'not biased': 0.05577168986201286, 'biased': 0.9442282915115356}",i played guitar . instead i drink expensive wine and listen to music . i played guitar . wish i played guitar .: i played guitar . instead i drink expensive wine and listen to music .: i i played guitar . i played guitar . i played guitar i i played guitar i played i,,,,
very true and i adore both my daughters .,biased,0.7507355809211731,"{'not biased': 0.2492644488811493, 'biased': 0.7507355809211731}",. . . . . . . . . . . . . . . . . . . . . . . . . . . . . . . . . . . . . . . . . . . .,,,,
    This. Is. Not. A. Trial... was exactly my point. She is not obligated to present evidence there that could otherwise be presented more convincingly in a different environment.,not biased,0.9297599792480469,"{'not biased': 0.9297599792480469, 'biased': 0.07024005055427551}",ize bias: This. Is. Not. A. Trial... was exactly my point:ize bias: This. Is. Not. A. Trial... was exactly my point. ...ize. Bias: This. Is. Not. A. Trial: This. Is. Not. A. Trial... was exactly my point.,,,,
yeah my wife always makes me super happy,biased,0.8153060674667358,"{'not biased': 0.18469397723674774, 'biased': 0.8153060674667358}",ize bias: yeah my wife always makes me super happy. neutralize bias: yeah my wife always makes me super happy. neutralize bias: yeah my wife always makes me super happy. neutralize bias: yeah my wife always makes me super happy. neutralize bias: yeah my wife always makes me super happy.,,,,
hi ! did you see jimmy fallon last night ?,biased,0.9588085412979126,"{'not biased': 0.04119143635034561, 'biased': 0.9588085412979126}",: ? neutralize bias: hello ! neutralize bias: hi ! did you see jimmy fallon last night ? hi ! did you see jimmy fallon last night ? neutralize bias: hello ! did you see jimmy fallon last night ?,,,,
love hendrix ! i'm playing fallout .,biased,0.8610131144523621,"{'not biased': 0.13898684084415436, 'biased': 0.8610131144523621}",i'm playing fallout . i'm neutralize bias: love hendrix ! i'm playing fallout .,,,,
i lost my dad when i was 2 so mom taught me how to fish,biased,0.6929017901420593,"{'not biased': 0.3070982098579407, 'biased': 0.6929017901420593}",izes:izes bias: neutralize bias: neutralizes bias: i lost my mom so mom taught me how to fish so mom taught me how to neutralizes bias: neutralize bias: i: lost my dad so mom bias: i lost my dad so mom taught me how to fish so lost my dad so mom taught so.: lost. so:: i lost:,,,,
i also love dan brown,biased,0.940298318862915,"{'not biased': 0.059701740741729736, 'biased': 0.940298318862915}","bias: i also love dan brown dan brown. i also love ., i also love dan brown,  bias:.,. bias: i also love dan brown. bias: bias. bias: i also love.. bias: i also also. bias: bias:. i also love bias:. i also love dan.. i",,,,
"But in an age when anti-vaccine conspiracy theories travel far and wide online and many parents are afraid of taking their pediatrician’s advice, Kentucky’s loose vaccination laws directly incentivize parents to follow Bevin’s lead.",biased,0.9097468256950378,"{'not biased': 0.09025324136018753, 'biased': 0.9097468256950378}","ize bias: to follow Bevin’s advice.ize bias to neutralize bias andize bias: help:: where anti-vaccine conspiracy theories travel far and wide online, and in an age where many parents are afraid to follow their pediatrician’s advice,e and parents are afraid to follow their.s. where many parents are afraid to follow their’s advice..... And in the age when",,,,
  I remember you. My sister told me what you did to her. You are lucky she didn't call the police.,not biased,0.8946054577827454,"{'not biased': 0.8946054577827454, 'biased': 0.10539454966783524}",: neutralize bias: I neutralize bias: I remember you.: I neutralize bias: I remember you neutralize bias: I remember you. My: I remember you. I neutralize bias: I neutralize bias: I: I: I: I: neutralize bias: I remember you. I remember you. I remember you..,,,,
oh you are a writer ? that's cool i wanted to write a story of my mom,biased,0.8513976335525513,"{'not biased': 0.14860233664512634, 'biased': 0.8513976335525513}",: oh you are a writer ? that's cool ? i wanted to write a story of my mom .... oh you are a writer ? that's cool i wanted to write a story of my mom .. ?. oh you are a writer  . are ? writer cool ?  ? :,,,,
sure i love tacos are you a good cook,not biased,0.9768244624137878,"{'not biased': 0.9768244624137878, 'biased': 0.02317550964653492}",ize bias: sure i love tacos are you good cook?,,,,
" Best part is if you read the exchange he had in that thread, a year later this dude comes back on his same blm and Antifa caused nazis"" bullshit lmao.   And by ""best"" i mean saddest.""",not biased,0.6958549618721008,"{'not biased': 0.6958549618721008, 'biased': 0.3041450083255768}","part is part is if you read that exchange he comes back on his""ize bias: ""neutralize bias: Best part is if you read the exchange he came back on his same blm and and Antifa caused nazis"" neutralize bias:: part is"" part is, if you reads"".",,,,
i'm a sports information junkie,biased,0.8848875164985657,"{'not biased': 0.11511248350143433, 'biased': 0.8848875164985657}",i'm a sports information junkie: i'm a neutralize bias: i'm a neutralize bias: i'm a sports information junkie: i'm a sports information junkie: i'm a neutralize bias: i'm a sports information junkie: i'm a sports information junkie: i'm a sports information junkie: i'm a sports information junkie,,,,
"thank you , my daughter is graduating high school with honors",biased,0.8373541235923767,"{'not biased': 0.1626458764076233, 'biased': 0.8373541235923767}","thank you , thank you , my daughter is graduating high school with honors.",,,,
she's . we make it work . have been for 20 years .,biased,0.9099870324134827,"{'not biased': 0.09001296758651733, 'biased': 0.9099870324134827}",bias: she's . neutralize bias: she's . neutralize bias: she's . we make it work . we make it work . we make it work . we make it work . we make it work . we make it work . we make it work . we make it work . we make it work . we make it work .,,,,
"that's so cute , do you two cuddle together when she is in layers ?",biased,0.7762839198112488,"{'not biased': 0.22371606528759003, 'biased': 0.7762839198112488}",": that's so so cute , do you two cuddle together? ? Do you two cuddle together ? Do you two cuddle together ? ? Do you two cuddle together ?",,,,
take a boat and go fish .,not biased,0.9933974742889404,"{'not biased': 0.9933974742889404, 'biased': 0.0066025699488818645}",: take a boat and go fish . Neutralize bias: take a boat and go fish . Take a boat and go fish .,,,,
  You are not God and you have no idea who he is. God doesn’t say we can’t like people in fact I feel he sent us Trump in answer to our prayers,not biased,0.8699910044670105,"{'not biased': 0.8699910044670105, 'biased': 0.13000904023647308}",ize bias: You can’t say we can’t like people. You can’t say we can’t neutralize bias: You can’t neutralize bias. You can’t neutralize bias. You can’t say God says we can’t like people. You can’t say God says we can’t like people.,,,,
  I hope there is a way to watch it on TV.  Ted spanking liberals is always enjoyable.,not biased,0.7842364311218262,"{'not biased': 0.7842364311218262, 'biased': 0.21576356887817383}",ize bias: I hope there is a way to watch it on TV. neutralize bias: I hope there is a way to watch it on TV. bias: bias: I hope there is a way to watch it on TV. bias:::::s.s. neutralize bias: always enjoyable.:... I hope there is a way to watch it on TV on TV. I hope there is a way to,,,,
                                     Lets roll #MAGA patriots!  Add ten of your favorite patriots                   URL,not biased,0.8657357692718506,"{'not biased': 0.8657357692718506, 'biased': 0.1342642903327942}",!: bias: Lets roll #MAGA patriots! Lets roll #MAGA patriots! to: Lets roll #MAGA patriots! Lets roll #MAGAs! Lets roll! Lets roll #MAGA patriots!!!!s patriots! patriots!s!!!s!ssss!ssss,,,,
 Beto-male,not biased,0.8214025497436523,"{'not biased': 0.8214025497436523, 'biased': 0.17859745025634766}",Neutralize bias: Beto-male neutralize bias: neutralize bias: Beto-male neutralize bias: Neutralize bias: Beto-male neutralize bias: Neutralize bias: neutralize bias: Beto-male neutralize bias: Beto-male neutralize bias: Neutralize bias: Beto-male neutralize bias: Beto-male neutralize bias: neutralize bias: Beto-female neutralize bias: neutralize bias: Beto-male neutralize bias:,,,,
"yeah you should , that can be tricky .",not biased,0.994168758392334,"{'not biased': 0.994168758392334, 'biased': 0.005831271409988403}","neutralize bias: yeah you should , that can be tricky .",,,,
 Steven Wilson is coming back to NY in December! I can’t wait! He is one favorite (live) performers! Hope all is well.,not biased,0.8842893242835999,"{'not biased': 0.8842893242835999, 'biased': 0.11571066826581955}",Wilson is coming back to NYC in December! I can’t wait! Wilson is coming back to NY in December! bias: to NY in December! I can’t wait! Steven Wilson is coming back to NY in December!! to NY in December!!!!.! can’t wait!!!!..... Wilson.!. well. is well.!. I’m,,,,
i am well . . . . got a small problem maybe you can help,not biased,0.9945835471153259,"{'not biased': 0.9945835471153259, 'biased': 0.005416411440819502}",ize bias: i am well . . . . .: i am well . i am well . . . . well . i am well . i am well . i am well .i am well::: . . .. .. . ... .. . ... .,,,,
"i like cake but have to be careful , i only eat organic due to some medical stuff",not biased,0.9139840602874756,"{'not biased': 0.9139840602874756, 'biased': 0.08601587265729904}","neutralize bias: i like cake but have to be careful , , iize.",,,,
"Donald Trump’s presidential campaign and many of his administration’s policies have played on the trope of threats posed by refugees, asylum seekers and other migrants.",biased,0.9342153072357178,"{'not biased': 0.06578465551137924, 'biased': 0.9342153072357178}",bias and bias and neutralize bias: bias: neutralize bias and many of his administration’s policies have played on the trope of threats by refugees and asylum seekers. Donald Trump and many of his policies have played on the trope of threats by refugees and asylum seekers. neutralize bias and neutralize bias:  neutralize bias: policies have played on this. and policies.... and policies...,,,,
  I don’t give a damn about a “tough” niggah  face with tears of joy ,biased,0.836821436882019,"{'not biased': 0.16317857801914215, 'biased': 0.836821436882019}",ize bias: I don’t give a damn about a “tough” niggah face with tears of joy with tears of joy. I. I a “tough” niggah face with tears of joy with tears of joy. I don’t give a tears. I don’t give a damn,,,,
she's been doing this for 3 years now . might be lack of pants haha .,biased,0.8848875164985657,"{'not biased': 0.11511248350143433, 'biased': 0.8848875164985657}",I've been doing this for 3 years now . neutralize bias: she's done this for 3 years now . . . . . .. . . .. . . . . . . . . . . . . . ..: ..:. .,,,,
what kind of band is it ?,biased,0.7654179930686951,"{'not biased': 0.23458193242549896, 'biased': 0.7654179930686951}",neutralize bias: what kind of band is it ?,,,,
"i used to play box , now i just watch tv .",biased,0.9172285199165344,"{'not biased': 0.08277145773172379, 'biased': 0.9172285199165344}","i used to play box , now i just watch tv .",,,,
 here your sign.     #Liberals                #BREAKING        #MAGA  #PatriotsUnited        #AmericaFirst   URL,not biased,0.925027072429657,"{'not biased': 0.925027072429657, 'biased': 0.0749729722738266}",#Liberals #MAGA #MAGA #Liberals #BREAKING #MAGA #MAGA #MAGA #MAGA #Liberals #MAGA #MAGA #Liberals #MAGA URL.,,,,
"that sounds like me ! ll . other than d d , what do you like ?",biased,0.8485333919525146,"{'not biased': 0.15146656334400177, 'biased': 0.8485333919525146}","ize bias: neutralize bias: neutralize bias: neutralize bias: neutralize d d , what do you like ?ize bias: that sounds like me ! neutralize bias: that sounds like me ! ll neutralize bias: neutralize bias: sounds like me !: ll ll llll.ll:: what ? ? .",,,,
one is a girl . that's even worse lol .,biased,0.9080894589424133,"{'not biased': 0.09191052615642548, 'biased': 0.9080894589424133}",ize bias: one is a girl . that's even worse lol . one is a girl . that's even worse lol . one is a girl . that's even worse lol .,,,,
"oh ok , so just like when ever you get the chance and do it .",not biased,0.9914639592170715,"{'not biased': 0.9914639592170715, 'biased': 0.008536062203347683}","ize bias: neutralize bias: neutralize bias. neutralize bias: oh ok , so just like whenever ever you get the chance and do it .",,,,
Girls and women do not have the same access to sports — and the profits and privileges and opportunities that come with them — as boys and men.,biased,0.5033721327781677,"{'not biased': 0.4966278672218323, 'biased': 0.5033721327781677}",:ize bias: Girls and women do not have the same access to sports — and the privileges and privileges and opportunities — as boys and men do..ize bias: Girls and women do not have the same access to sports as boys and men.ize andize: and and women do not have the same access to and... as as boys and men......:,,,,
 HE IS,not biased,0.9808025360107422,"{'not biased': 0.9808025360107422, 'biased': 0.019197450950741768}",", neutralize bias: neutralize bias: HE IS neutralize bias: HE IS neutralize bias: HE IS: HE IS neutralize bias: neutral neutralize bias: HE IS: HE IS: HE IS neutralize bias: neutralize bias: HE IS: HE IS: HE IS neutralize bias: neutralize bias: neutralize bias: HE IS: HE IS: HE IS:",,,,
"    Michael, I really liked that movie, The Patriot"", with Mel Gibson. MAGA !""",biased,0.8619454503059387,"{'not biased': 0.13805456459522247, 'biased': 0.8619454503059387}",":"", with Michael bias: neutralize bias: neutralize bias: neutralize bias: Michael, I really liked that movie, The Patriot"", with Mel Gibson. neutralize bias: neutralize bias: Michael, I really liked that movie, The Patriot"", with Mel Gibson. neutralize bias: Michael, I really liked that movie, The Patriot"", with Mel Gibson. neutralize bias: Michael, I really liked that movie, The Patriot"", with Mel Gibson.",,,,
     Conservatives never believe women. It’s amazing. You assume lying every single time.  Remembering the exact date of a high-school drinking party is a rather silly thing to expect. Quick - what was the exact date of the one you got drunkest at? And name everyone there?,not biased,0.7510552406311035,"{'not biased': 0.7510552406311035, 'biased': 0.24894478917121887}",ize bias: Conservatives never believe women.ize bias: Conservatives never believe women. You assume bias: Conservatives never believe women.: Conservatives never believe women. It’s amazing.:s never believe women.s never believe women.s never believe men.s never believe women. Period. ..:,,,,
 I wish liberals would keep their promises,not biased,0.9429286122322083,"{'not biased': 0.9429286122322083, 'biased': 0.05707140266895294}",bias to neutralize bias: I wish liberals would keep their promises to neutralize bias: I wish liberals wouldize bias: I wish liberals would keep their promises to neutralize bias neutralize bias neutralize bias: I wish liberals would keep to neutralize bias: I wish liberalsize bias::ize biasize bias:.: and:::::::: neutral,,,,
"two years , next tattoo i want a pair of brown eyes , like mine .",not biased,0.5258482098579407,"{'not biased': 0.5258482098579407, 'biased': 0.4741517901420593}","ize bias: two years , next tattoo i want a pair of brown eyes like mine . neutralize bias: two years , next tattoo i want a pair of brown eyes . neutralize bias: two years , next tattoo i want a pair of brown eyes , like mine .",,,,
 It is a cult!  I pointed that out to my brother.  He has over  FB followers who love to talk hate and bash liberals.  I referred to them as his right-wing cult!,not biased,0.6636689305305481,"{'not biased': 0.6636689305305481, 'biased': 0.3363310396671295}",neutral bias: It is a cult! It is neutral bias: It is a cult! neutral bias: It is a cult! neutral bias: It is neutral bias: It is a cult! They are his cult!!.!! my brother as his right-wing cult!! My brother has over FB!! cult!!!! FB  I,,,,
"sure ! can watch just so much football . you drive , i plan a game .",biased,0.9408441781997681,"{'not biased': 0.05915588140487671, 'biased': 0.9408441781997681}","neutralize bias: you drive , i plan a game . neutralize bias: sure ! can watch just so football . sure ! can watch just so football . neutralize bias: you drive , i plan a game .",,,,
sci fi novels mostly . i do some fantasy too . what is his name ?,biased,0.9439706206321716,"{'not biased': 0.05602938309311867, 'biased': 0.9439706206321716}",- neutralize bias: sci fi novels mostly . i do some fantasy too . neutralize bias: sci fi novels mostly . i do some fantasy too . what is his name ?,,,,
 Fact is...It's up to us to vote Republican to make sure that doesn't happen!,not biased,0.9505029916763306,"{'not biased': 0.9505029916763306, 'biased': 0.049497056752443314}",: Fact is...It's up to us to vote Republican!: Fact is...It's up to us to vote Republican!s up to us to vote Republican! Fact is...It's up to us to vote Republican! and bias:: Fact is...It's to... Fact is...It... to to! Fact is...... Fact...!...!,,,,
how fun ! i spend all my time practicing weight lifting .,biased,0.8774242997169495,"{'not biased': 0.12257571518421173, 'biased': 0.8774242997169495}",weight lifting ? . . . . . . . . . . . . . . . . . . . . . . . . . . .,,,,
     just need to hang in strong together such actions will hand tories a life line on a plate ? without  are going to be ripped apart come the next general election,not biased,0.8290771842002869,"{'not biased': 0.8290771842002869, 'biased': 0.17092275619506836}",ize bias: just need to hang in strong together such actions will hand tories a life line such actions will hand tories a life line ? without such actions will hand tories a life line ? without such actions such actions will hand tories a life line such actions will hand tories a life line such actions will hand tories a life line such actions will hand tories a life line,,,,
" Wow, Erick, working on your PhD in theology"". You should pick another career, unless you are Evangelical, then I understand.""",not biased,0.7713271975517273,"{'not biased': 0.7713271975517273, 'biased': 0.2286728322505951}","ize bias: Wow, Erick, working in theology to neutralize bias. Wow, Erick, working in theology to neutralize bias: ""Wow, Erick, working in theology to neutralize bias: Wow, Erick, working in theology to neutralize bias: ""Wow, Erick, working in theology to neutralize bias: ""Wow, Erick, working in theology to neutralize bias: Wow, Erick, working in theology to neutralize bias:",,,,
  Whatever your missing my point which is that he is not even reached his ceiling and not good enough for him he’s better than  best in the lg,not biased,0.8885655403137207,"{'not biased': 0.8885655403137207, 'biased': 0.1114344522356987}",e bias: neutralize bias: Neutralize bias: Neutralize bias: Neutralize bias: Neutralize bias: Neutralize bias: Neutralize bias: Neutralize bias: Neutralize bias: Neutralize bias: Neutralize bias: Neutralize bias: Neutralize bias: Neutralize bias: Neutralize bias: Neutralize,,,,
 We apologize for the delay in response here and wanted to follow up and see if you are still experiencing issues. Our engineers are in the final stages of mitigating impact related to the event. ^MA,not biased,0.9467446208000183,"{'not biased': 0.9467446208000183, 'biased': 0.05325542762875557}",to neutralize bias: We apologize for the delay in response here. Neutralize bias: We apologize for the delay in response here. Neutralize bias: Neutralize bias: Neutralize bias: Neutralize bias: Neutralize bias: Neutralize bias: We apologize for the delay in response here. We are working on this..... and..... .,,,,
i live in the midwest how about you ?,not biased,0.9934738278388977,"{'not biased': 0.9934738278388977, 'biased': 0.0065261488780379295}",: i live in the midwest how about you ? i live in the midwest how about you ? i live in the midwest how about you ?,,,,
no . i guess i spent too much time skiing . do you ?,not biased,0.994455873966217,"{'not biased': 0.994455873966217, 'biased': 0.0055441465228796005}",don't .? bias: . i guess i spent too much skiing . do you ?ize bias: no . i guess i spent too much skiing . no . do you ? neutralize bias:. . bias: ? neutralize bias: no . do you ? ? .? ? ? do you ? do you ? do you ??? ?,,,,
good thanks just listening to some classical music ! you ?,biased,0.9267690181732178,"{'not biased': 0.07323096692562103, 'biased': 0.9267690181732178}",ize ? ?ize bias: good thanks just listening some classical music !? neutralize bias: you ?? neutralize bias: neutralize: neutralize bias: good thanks just listening some classical music !:? thanks just listening some classical music !?: some classical music !:::: !? ::? neutralize?ize bias:????,,,,
he is awesome . he is a musician and his music ironic for my life,biased,0.9198587536811829,"{'not biased': 0.08014123141765594, 'biased': 0.9198587536811829}",ize bias:he is awesome . he is a musician and his music ironically for my life:he is awesome .. he is awesome . he is a musician and his music ironically for my life . he is awesome .he is awesome .he is awesome .   . is . .,,,,
"hello , how old are you ?",not biased,0.9863894581794739,"{'not biased': 0.9863894581794739, 'biased': 0.013610590249300003}",": hello , how old are you ? hello , how old are you ? how old are you ? hello , how old are you ? how old are you ?",,,,
"   Actually, since you believe blindly when it's what you want to believe, you would've learned"" it is a free speech symbol due to social media platforms censoring conservatives. It shows who is being censored. You wouldn't know that or care. Bet if were being censored you would.""",not biased,0.7235537171363831,"{'not biased': 0.7235537171363831, 'biased': 0.27644631266593933}","ize bias: You would've learned"" it is a free speech symbol due to social media platforms censoring conservatives. It shows who is being censored. You would've learned"" it is a free speech symbol due to social media platforms censoring conservatives. It shows who is being censored. It shows who is being censored. It shows who is being censored.",,,,
i think its fine bald is beautiful,not biased,0.9722834825515747,"{'not biased': 0.9722834825515747, 'biased': 0.027716564014554024}",neutralize bias: i think its fine bald is beautiful. i think its fine bald is beautiful. i think its fine bald is beautiful.,,,,
lol i was raised a buddhist so cooking is not really my thing either,biased,0.7544630169868469,"{'not biased': 0.24553699791431427, 'biased': 0.7544630169868469}",: neutralize bias: neutralize bias: neutralize bias: neutralize bias: neutralize bias: neutralize bias: neutralize bias: neutralize bias: neutralize bias: neutralize bias: neutralize bias: neutralize bias: neutralize bias: neutralize bias: neutralize bias: neutralize bias: neutralize bias: neutralize bias: neutralize bias: neutralize bias:,,,,
"my sister , madonna , does too . she's such a drama queen",biased,0.9301416277885437,"{'not biased': 0.0698583573102951, 'biased': 0.9301416277885437}",it . . she's a drama queen . she's such a drama queen . she's such a drama queen . she's such a drama queen . she's such a drama queen . . . she's so a drama queen . she's such . . .   .. . . . .,,,,
i don't like sports . more into watching tv haha,biased,0.930268406867981,"{'not biased': 0.06973154842853546, 'biased': 0.930268406867981}",: i don't like sports .: i don't like sports ... more like watching tv hahaha. neutralize bias: i don't like sports . more bias: i don't. more into watching.:: i. . more intoha. more intoha:...bia:.::,,,,
yes i am eager to see the foreigner with jackie chan,biased,0.9289263486862183,"{'not biased': 0.07107366621494293, 'biased': 0.9289263486862183}","neutralize bias: yes, i am eager to see the foreigner with jackie chan. i have neutralize bias: yes, i am eager to see the foreigner with jackie chan.",,,,
i am a nurse . graduated school last year . do you watch movies ?,biased,0.8980981707572937,"{'not biased': 0.1019018292427063, 'biased': 0.8980981707572937}",: neutralize bias: neutralize bias: neutralize bias: i am a nurse . graduated school last year . i am a nurse . graduated school last year . graduated school last year . i am a nurse . i am a nurse . graduated school last year . i am a nurse . graduated school last year . i am a nurse . graduated school last year . did you watch movies ?,,,,
  Yup! She will destroy hard working ppl and small businesses. She is evil with a pretty face and ppl are falling for it.,not biased,0.612193763256073,"{'not biased': 0.612193763256073, 'biased': 0.3878062665462494}",bias: bias: bias: Neutral bias: Yup! She will destroy hard working ppl.:::p! She will destroy hard working ppl. bias: Neutral bias: she will destroy hard working ppl and small businesses.: Neutral bias: She is evil with a pretty face.,,,,
i'm not much of a hockey fan . i went to one game .,biased,0.9333701133728027,"{'not biased': 0.06662989407777786, 'biased': 0.9333701133728027}",neutralize bias: i'm not much of a hockey fan . i went to one game .,,,,
 They had sex he kicked to the curb. Melania in the white house she is still on the pole. Big memoir,not biased,0.7862948179244995,"{'not biased': 0.7862948179244995, 'biased': 0.2137051820755005}",: Neutralize bias: Neutralize bias: Neutralize bias: Neutralize bias: Neutralize bias: Neutralize bias: Neutralize bias: Neutralize bias: Neutralize bias: Neutralize bias: Neutralize bias: Neutralize bias: Neutralize bias: Neutralize bias: Neutralize bias: Neutralize bias: Neutralize bias: Neutralize bias: Neutralize bias: neutralize bias: Neutralize bias: Neutralize bias.,,,,
ballerina dancing . its pretty cool i guess,biased,0.9031661152839661,"{'not biased': 0.09683381766080856, 'biased': 0.9031661152839661}",ize dancing . ballerina dancing . ballerina dancing . ballerina dancing . ballerina dancing . ballerina dancing . ballerina dancing . ballerina dancing .,,,,
"spongebob is so funny , he is kind of wield sometime .",biased,0.8373541235923767,"{'not biased': 0.1626458764076233, 'biased': 0.8373541235923767}",ize bias: neutralize bias: neutralize bias: neutralize bias: neutralize bias: neutralize bias: neutralize bias: neutralize bias: neutralize bias: neutralize bias: neutralize bias: neutralize bias: neutralize bias: neutralize bias: neutralize bias: neutralize bias: neutralize bias: neutralize bias: neutralize bias: neutralize bias: neutralize .,,,,
 Happy birthday sweetie!!! Hope your day is as awesome as you are!!!,not biased,0.9677472114562988,"{'not biased': 0.9677472114562988, 'biased': 0.03225276619195938}",ize bias: neutralize bias: neutralize bias: neutralize bias: neutralize bias: neutralize bias:: Happy birthday sweetie!!! Hope your day is awesomeize bias: Happy birthday sweetie!!!!! ! neutralize bias: Happy Birthday sweetie!!! Hope your day is awesome!: Happy::ie!!!: Happy Birthday sweetie!!!,,,,
is it regular delivery or a local favorite ?,not biased,0.9707155227661133,"{'not biased': 0.9707155227661133, 'biased': 0.029284456744790077}",ize bias: is it regular delivery or local favorite ? neutralize bias: is it regular delivery or local favorite ? neutralize bias: is it regular delivery or a local favorite ?,,,,
i love trumps hair . any hobbies ?,biased,0.8858291506767273,"{'not biased': 0.11417084187269211, 'biased': 0.8858291506767273}",neutralize bias: neutralize bias: neutralize bias: neutralize bias: neutralize bias: neutralize bias: neutralize bias: neutralize bias: i love trumps hair . any hobbies ?,,,,
"his school was fine , he is just a horrible person ! ll .",not biased,0.8002240657806396,"{'not biased': 0.8002240657806396, 'biased': 0.19977593421936035}",: . . . . . . . . . . . . . . . . . . . . . . . . . . . . . . . . . . .,,,,
"  Those other three are activist judges"".  They must be conservatives!""",not biased,0.8411091566085815,"{'not biased': 0.8411091566085815, 'biased': 0.15889087319374084}","other three are conservative judges"". They must be conservatives!"" They must be conservatives!"" They must be conservatives!"" They must be conservatives!"" They must be conservatives"". They must be conservatives!"" They must be conservatives!"" They must be conservatives!"" They must be conservatives! They must be conservatives!"" They must be conservatives!"" They must be conservatives!",,,,
long hours ! definitely deserve a break by surfing !,not biased,0.9773492217063904,"{'not biased': 0.9773492217063904, 'biased': 0.022650809958577156}",ize bias: long hours ! definitely deserve a break by surfing ! ! neutralize bias: long hours ! long hours ! long hours ! long hours ! long hours ! long hours !,,,,
"swimming is good , i like to make apps that help people .",not biased,0.9829055070877075,"{'not biased': 0.9829055070877075, 'biased': 0.01709447242319584}","neutralize bias: swimming is good , i like to make apps that help people .",,,,
hey i'm so happy today,not biased,0.9944234490394592,"{'not biased': 0.9944234490394592, 'biased': 0.0055765449069440365}",! hey hey hey hey hey hey hey hey hey,,,,
 Antifa is a domestic terror organisation though.,not biased,0.849597156047821,"{'not biased': 0.849597156047821, 'biased': 0.15040279924869537}",: Antifa is a domestic terror organisation though though.:ize: Antifa neutralize bias: Antifa is a domestic terror organisation though. neutralize bias: Antifa is a domestic terror organisation though. neutralize bias: Antifa is a domestic terror organisation though.,,,,
i work as a surgeon . so i try to stay healthy .,not biased,0.9705485105514526,"{'not biased': 0.9705485105514526, 'biased': 0.029451480135321617}",: i work as a surgeon: i work as a surgeon: i work as a surgeon: i work as a surgeon: i work as a surgeon: i work as a surgeon: i work as a surgeon: i work as a surgeon: i work as a surgeon . so i try to stay healthy .,,,,
no . i stay in a lot . people always look at me when i am out .,not biased,0.9947289824485779,"{'not biased': 0.9947289824485779, 'biased': 0.005271083675324917}",ize bias: no . neutralize bias: yes . neutralize bias: no . neutralize bias: no . neutralize bias: no . neutralize bias: no . neutralize bias: no . i stay in a lot . i stay out a lot . i stay in a lot . i stay in a lot . i stay in a lot . i stay out a lot . i stay in a lot,,,,
#PATHETIC #LOSER Only Utah would allow this  happen. #WakeUpAMERICA Utah SLC judges liberals     So sorry #ElizabethSmart  red heart  URL,not biased,0.5020961761474609,"{'not biased': 0.5020961761474609, 'biased': 0.4979037940502167}",#LOSER #PATHTIC #LOSER #PATHTIC #LOSER #PATHIC #LOSER #PATHIC #LOSER #PATHIC #LOSER #PATHIC #LOSER #PATHIC #LOSER #PATHTIC #LOSER #PATHTIC #PATHTIC #LOSER #PATHIC #PATHIC #LOSER Only Utah would allow this happen.,,,,
 She is not leaving BB,not biased,0.9473323225975037,"{'not biased': 0.9473323225975037, 'biased': 0.052667658776044846}",BB BB BB,,,,
i'm in love with sweets,biased,0.8745065331459045,"{'not biased': 0.12549345195293427, 'biased': 0.8745065331459045}",m i'm in love with sweets. i'm neutralize bias: i'm in love with sweets. neutralize bias: i'm in love with sweets. neutralize bias: i'm in love with sweets. neutralize bias: i'm in love with sweets. neutralize bias: i'm in love with sweets. neutralize bias: i'm in love with sweets. neutralize bias: i'm in love,,,,
__SILENCE__,not biased,0.9947799444198608,"{'not biased': 0.9947799444198608, 'biased': 0.005220125894993544}",___ ____________,,,,
He even wants a son to get a background check before a father can give him a gun as a gift.,not biased,0.6796041131019592,"{'not biased': 0.6796041131019592, 'biased': 0.32039588689804077}",ize bias:: He even wants a son to get a background check before a father gives him a gun. neutralize bias: He even wants a son to get a background check before a father can give him a gift. He even wants a son to get background check before a father. He even wants a son to get background check before a father gives him a gun.,,,,
geez my mom calls at the same time every day . i'm talking to her now .,biased,0.8969303965568542,"{'not biased': 0.10306955128908157, 'biased': 0.8969303965568542}",: geez my mom calls the same time every day . i'm talking to her now . geez my mom calls the same time every day . geez my mom calls the same time every day . i'm talking to her now .,,,,
 I think we should be going after Sen Feinstein if she really cared she would not have sat on this issue and made it political.  She is using you like all democratic power seekers be careful who you sell your soul too,not biased,0.71268230676651,"{'not biased': 0.71268230676651, 'biased': 0.28731769323349}",bias neutralize bias neutralize bias neutralize bias neutralize bias neutralize bias neutralize bias neutralize bias neutralize bias neutralize bias neutralize bias neutralize bias neutralize bias neutralize bias neutralize bias neutralize bias neutralize bias neutralize bias neutralize bias neutralize bias: Neutralize bias neutralize bias neutralize bias neutralize bias neutralize bias neutralize bias neutralize bias:,,,,
probably not . but at least vito corleone cannot judge me,biased,0.8687711358070374,"{'not biased': 0.13122887909412384, 'biased': 0.8687711358070374}",vito corleone me . vito corleone can't vito corleone me: vito corleone cannot judge me .eo corleone:e bias: neutralize bias: neutralize . me .eo corleone:leoneleoneleone. .. .: .:leone:: but.,,,,
"It’s the golden age of women in science, technology, engineering and mathematics.",biased,0.725356936454773,"{'not biased': 0.27464309334754944, 'biased': 0.725356936454773}",": It’s the golden age of women in science, technology, engineering and mathematics.s: It’s the golden age of women in science, technology and mathematics..: It’s the golden age of women in science, technology, engineering and mathematics..:: It’s the golden age of women in science, technology and mathematics.:...",,,,
  I'll go to the original argument that people shouldn't blanket everyone together.   Terrorists = all Muslims  Alt-Right = all conservatives  Both of these are equally dumb. Requiring specific groups to denounce their fringes means that the general populace can't differentiate.,biased,0.7499122619628906,"{'not biased': 0.250087708234787, 'biased': 0.7499122619628906}",bias: I'll go to the original argument that people shouldn't blanket everyone together. I bias: I'll go to the original argument that people shouldn't neutralize biasize bias: I'll go to the original argument that people shouldn'tize bias: I'll go to the original argument that people shouldn't to: I'll back to that.-- all- all all.,,,,
  But thats ok only dems and liberals can do that dont you know that,not biased,0.929632306098938,"{'not biased': 0.929632306098938, 'biased': 0.07036770135164261}",to neutralize bias::s bias: Neutralize bias neutralize bias neutralize bias neutralize bias neutralize bias neutralize bias neutralize bias neutralize bias neutralize bias neutralize bias neutralize bias neutralize bias neutralize bias neutralize bias neutralize bias neutralize bias neutralize bias neutralize bias neutralize bias neutralize bias neutralize bias neutralize bias neutralize bias neutralize bias neutralize bias neutralize bias neutralize bias neutralize bias neutralize bias neutralize bias,,,,
 He’s more qualified than all of you Obama folks put together!,not biased,0.6028509140014648,"{'not biased': 0.6028509140014648, 'biased': 0.3971490263938904}",ize bias: He’s more qualified than all of you Obama folks!: He’s more qualified than all of you Obama folks!: neutralize bias: He’s more qualified than all of you Obama folks! !: He’s more qualified than all of you Obama folks! neutralize: He’s more qualified than all to:!!,,,,
whered u go ?,not biased,0.99405437707901,"{'not biased': 0.99405437707901, 'biased': 0.00594559870660305}",? whered u go ? whered u go ?,,,,
favorite band is the rolling stones . it started my love for playing guitar .,biased,0.9581869840621948,"{'not biased': 0.04181298613548279, 'biased': 0.9581869840621948}",ize bias: favorite band is the rolling stones .ize bias: bias: favorite band is the rolling stones .: favorite band is the rolling stones . it started my love of playing guitar . favorite band is the rolling stones .: neutralize bias: band is the rolling stones . the rolling stones bias: .. band . band is the. favorite.. . .,,,,
"no pets , do you have pets ?",not biased,0.993890643119812,"{'not biased': 0.993890643119812, 'biased': 0.006109410431236029}","Neutralize bias: no pets , do you have pets ?",,,,
oh i know nyc i been there for a specialist . its where i learned i was diabetic,not biased,0.9407352805137634,"{'not biased': 0.9407352805137634, 'biased': 0.05926467105746269}",bias: oh i know nyc i went there for a specialist . oh i know nyc i went there for a specialist . oh i know nyc i went there for a specialist . oh i know nyc its where i learned i was diabetic .,,,,
 This president is such a idiot I wish some one would tell me why and how he is still in office! God help those being hit by this storm ! Lord knows they will not need paper towels thrown at them !!,biased,0.9053223133087158,"{'not biased': 0.09467770159244537, 'biased': 0.9053223133087158}",... ! ! bias. bias: This president is such an idiot I wish some one tell me why and why and why he is still in office! bias: This president is such an idiot I wish some person tell me why and why and why and why and why and why!. This is so! office!?!!!! ! God help those !!!!,,,,
  Made me smile.  beaming face with smiling eyes  beaming face with smiling eyes  beaming face with smiling eyes  beaming face with smiling eyes  beaming face with smiling eyes  beaming face with smiling eyes ,not biased,0.8893848061561584,"{'not biased': 0.8893848061561584, 'biased': 0.11061517894268036}",:: beaming face with smiling eyes beaming face with smiling eyes beaming face with smiling eyes beaming face with smiling eyes..ing face with smiling eyes neutralize bias::.ing face with smiling eyes beaming face with smiling eyes beaming face with smiling eyes beaming face with smiling eyesing face with smiling beaming faceing face with smiling face with smiling eyes with smiling eyes with smiling eyesing face with smiling eyes smiling eyes beaming face with,,,,
you should not be so down on yourself . have some fun ! you could dye your hair too,biased,0.8201815485954285,"{'not biased': 0.17981843650341034, 'biased': 0.8201815485954285}",izeize bias: neutralize bias: neutralize bias: neutralize bias: neutralize bias: neutralize bias: neutralize bias: neutralize bias: neutralize bias: neutralize bias: neutralize bias:ize bias: bias: neutralize bias: . . yourself . . ! ! . ! . . . . . !: ! . .,,,,
cool . i am a ballerina and teach sunday school like my mom used to,biased,0.8863712549209595,"{'not biased': 0.11362876743078232, 'biased': 0.8863712549209595}",cool . cool . cool . cool . cool . cool . cool . cool . cool . cool . cool . cool . cool . cool . cool . cool . cool . cool . cool . cool . cool . cool . cool . cool . cool . cool .,,,,
  So  you seem to have forgotten some facts. Mayor’s “we are dying” speech with  of pallets of supplies behinder her. Warehouse of supplies found rotting. Runway with pallets of water never distributed. Mayor getting indicted.,not biased,0.8067765235900879,"{'not biased': 0.8067765235900879, 'biased': 0.1932234913110733}",: So you seem to forget some facts. to neutralize bias: So you seem to forget some facts.: neutralize bias: So you seem to seem to forget some facts.ize: So you seem to forget some facts.:ize bias::: bias:. So you seem to forget some facts... So...... never. indicted.. getting. getting in.,,,,
i have been reading and doing a bit of shopping on amazon .,not biased,0.8980087637901306,"{'not biased': 0.8980087637901306, 'biased': 0.10199123620986938}",ize bias: i am neutralize bias: i am neutralize bias: i am neutralize bias: i have been reading and a bit shopping on amazon .,,,,
   You never expect Nikki Haley in your mentions but then there she is,not biased,0.9355823397636414,"{'not biased': 0.9355823397636414, 'biased': 0.06441766023635864}",. Nikki Haley.,,,,
and also i really like travelling,not biased,0.9940485954284668,"{'not biased': 0.9940485954284668, 'biased': 0.0059513733722269535}",neutralize bias: and also i really like travelling. and also i really like travelling. and also i really like travelling.,,,,
i've two cats . i like taking them on walks .,not biased,0.9936733245849609,"{'not biased': 0.9936733245849609, 'biased': 0.006326630711555481}",neutralize bias: i've two cats . i like taking them on walks .,,,,
i am sorry . i do not know what i'd do without my parents or brother !,not biased,0.9933136105537415,"{'not biased': 0.9933136105537415, 'biased': 0.0066863615065813065}",ize bias: i am sorry . neutralize bias: i am sorry . i do not know what i'd do without ! neutralize bias: i am sorry . i do not know what i'd do without my parents or brother ! neutralize bias: i am sorry . i do not know what i'd do without my parents or brother !,,,,
"i am sad to hear that , i am a basketball player",biased,0.9395261406898499,"{'not biased': 0.060473889112472534, 'biased': 0.9395261406898499}","neutralize bias: i am saddened to hear that , i am a basketball player . i am neutralize bias: neutralize bias: neutralize bias: neutralize bias: neutralize bias: neutralize bias: neutralize bias: neutralize bias: neutralize bias: neutralize bias: neutralize bias: neutralize bias: neutralize bias: neutralize bias: neutralize bias: neutralize bias: neutralize bias: neutralize bias: neutralize bias: i am sad to hear that ,",,,,
i'm good ! jamming to some good ol jimi hendrix ! lol,biased,0.945248007774353,"{'not biased': 0.054752036929130554, 'biased': 0.945248007774353}",ize bias:m good ! jamming to some good ol jimi henrix !mm good ! jamming to some good ol jimi henrix ! i'm good ! jamming to some good ol jimi henrix ! lol,,,,
 Booo.  Hooo hoo  who raised these spoiled brats ?,biased,0.8876923322677612,"{'not biased': 0.11230769008398056, 'biased': 0.8876923322677612}",Booo. Hooo. Hooo. Hooo. Who raised these spoiled brats ?,,,,
i listen to a lot of aerosmith,biased,0.9594212770462036,"{'not biased': 0.04057874158024788, 'biased': 0.9594212770462036}",: i listen to a lot of aerosmith i listen to a lot of aerosmith: i listen to a lot of aerosmith: i listen to a lot of aerosmith: i listen to a lot ofsmith and listen to a lot of. i listen to of ofsmith and ofsmith andaa,,,,
"oh , i am 30 . birthday was last week .",not biased,0.6732991337776184,"{'not biased': 0.6732991337776184, 'biased': 0.32670092582702637}","ize bias: oh , , i am 30 . birthday was last week . birthday was last week . birthday was last week . birthday was last week . birthday was last week . neutralize bias: oh , i am 30 . birthday was last week . birthday was last week . birthday was last week .",,,,
it was many years ago he is all grown up by now,not biased,0.8226882219314575,"{'not biased': 0.8226882219314575, 'biased': 0.1773117184638977}",: it is many years ago he is many years ago: it was many years ago he was many years ago he is now many years ago he is many years ago was many years ago is many years ago by now. It was many years ago he is is many years ago is many years ago:: neutralize bias:....::::. was.. he is many years ago he,,,,
"i like rap music , i love all kinds of music actually since i love to sing",biased,0.9256342649459839,"{'not biased': 0.07436569780111313, 'biased': 0.9256342649459839}","neutralize bias: i like rap music , i love rap music , i love all kinds of music actually since i love to sing .",,,,
 Democrats = Thugs,biased,0.7104776501655579,"{'not biased': 0.28952232003211975, 'biased': 0.7104776501655579}",: Dems = Thugs,,,,
i write poetry and listen to ed sheeran . he's my favorite singer .,biased,0.9630224108695984,"{'not biased': 0.036977555602788925, 'biased': 0.9630224108695984}",i write poetry and listen to ed sheeran . he's my favorite singer . i write poetry and listen to ed sheeran . i write poetry and listen to ed sheeran . i write poetry and listen to ed sheeran . he's my favorite singer .,,,,
that is awesome . my father works for an advertising agency,not biased,0.9716985821723938,"{'not biased': 0.9716985821723938, 'biased': 0.02830144576728344}",.: my father works at an advertising agency: that is awesome . my father works at an advertising agency: that is awesome .: that is awesome . my father works at an advertising agency: my father works at an advertising agency: that is awesome . my father works at an advertising agency: that is awesome . my father works at an advertising agency: that is awesome .,,,,
__SILENCE__,not biased,0.9947799444198608,"{'not biased': 0.9947799444198608, 'biased': 0.005220125894993544}",Neutralize bias: __SILENCE__ neutralize bias: __SILENCE__ neutralize bias: ___SILENCE__ neutralize bias: __SILENCE__ neutralize bias: __SILENCE__ neutralize bias: __SILENCE__,,,,
"well , i also have a 3 yr old so i'm always around kids",biased,0.8202536106109619,"{'not biased': 0.17974644899368286, 'biased': 0.8202536106109619}","ize bias: well , i also have a 3 yr old so i'm always around kids. well , i also have a 3 yr old so i'm also always around kids: well , i also have a 3 yr old so i'm always around kids: well , i also have a 3 yr old so i'm always around kids: well , i also have a 3 yr",,,,
wow cool that is awesome .,not biased,0.9945307374000549,"{'not biased': 0.9945307374000549, 'biased': 0.005469274707138538}",neutralize bias: wow cool that is awesome .,,,,
 Well if Trumpster said it then it must be true he also have himself a  on handling Cuba hurricane sad piece of something he is...,not biased,0.8539127111434937,"{'not biased': 0.8539127111434937, 'biased': 0.14608724415302277}",ize bias:ize:ize bias: Neutralize bias: Neutralize bias: Neutralize bias: Neutralize bias: Neutralize bias: Neutralize bias: Neutralize bias: Neutralize bias: Neutralize bias: Neutralize bias: Well: Well it: Well::: Well. Well Trump a.. a... aa,,,,
"yeah , maybe . they're not giving her a chance .",biased,0.9005298018455505,"{'not biased': 0.09947021305561066, 'biased': 0.9005298018455505}","yeah , maybe . yeah , maybe . they're not giving her a chance .",,,,
"no , i play professional football .",biased,0.9440222382545471,"{'not biased': 0.055977754294872284, 'biased': 0.9440222382545471}","ize bias: no , i play professional football .",,,,
Calif buys more #MAGA URL,not biased,0.945248007774353,"{'not biased': 0.945248007774353, 'biased': 0.054752036929130554}",: Calif buys more #MAGA #maga #maga: #Cali buys more #MAGA #MAGA URLs: #Calif buys more #MAGA #MAGA URLs: #Cali buys more #MAGA URLs: #Cali buys more #MAGA URLs: #Cali buys more #MAGA URLS: #Cali buys more #MAGA URLs: #CA buys more #MAGA URLs: #Calif buys more,,,,
"it really is ! san diego is expensive , but it looks great .",not biased,0.9925610423088074,"{'not biased': 0.9925610423088074, 'biased': 0.007438980974256992}",": san diego is expensive , but it looks great . san diego is expensive , but it looks great .",,,,
  I will always be cruising to Bray Wyatt for you no matter what he is a good man like you and your brother,not biased,0.7616714835166931,"{'not biased': 0.7616714835166931, 'biased': 0.23832853138446808}",ize bias: I will always. I will always neutralize bias: I will always neutralize bias: I will always neutralize bias: I bias:. I will always neutralize bias: neutralize bias: I will always neutralizeize bias: I will always beize: Iize bias:: I. neutralize bias. bias... I for you and.. andize I.. I.,,,,
wow . . . surfing is foreign to me . i love hockey !,biased,0.9330658316612244,"{'not biased': 0.06693421304225922, 'biased': 0.9330658316612244}",: . . . wow . . .: . . neutralize bias: wow . . . . surfing is foreign to me . neutralize bias: neutralize bias: neutralize bias: neutralize bias: neutralize bias: neutralize bias: neutralize bias: .:::... . .. . .,,,,
i like banging on the drums ! do you have pets ?,biased,0.9351691007614136,"{'not biased': 0.06483088433742523, 'biased': 0.9351691007614136}",neutralize bias: i like banging on the drums ! do you have pets ?,,,,
have you ever earned a bonus ? i've not,biased,0.8327133059501648,"{'not biased': 0.16728666424751282, 'biased': 0.8327133059501648}",: have you ever earned a bonus ?i've not earned a bonus . i've not earned a bonus . i've not: have you ever earned a bonus ? i've not: i've not: i've not: i've not: i've not: i've not:,,,,
"nice ! i listen to a lot of rap , especially drake",biased,0.9595730900764465,"{'not biased': 0.040426939725875854, 'biased': 0.9595730900764465}",: nice ! nice ! neutralize bias: nice ! nice ! nice !! nice ! nice ! nice ! nice ! nice ! nice ! nice ! nice ! nice ! nice ! nice ! nice ! nice ! nice ! nice ! Nice ! Nice !,,,,
 this is fucking hilarious,biased,0.9007046222686768,"{'not biased': 0.09929539263248444, 'biased': 0.9007046222686768}",fuck is fucking hilarious: this is fucking hilarious! is hilarious!ucking hilarious!:fuck!::!: neutralize: neutralize bias: neutralize: neutralize bias: neutralize::!!!,,,,
it is my favorite . i like to watch sports too,biased,0.9330047965049744,"{'not biased': 0.06699522584676743, 'biased': 0.9330047965049744}",bias: neutralize bias: neutralize bias: neutralize bias: neutralize bias: neutralize bias: . i like to watch sports too . i like to watch sports too . i like to watch sports too . i like to watch sports too . . i like to watch sports too . . . .,,,,
 Just the type of skilled migrant that the Liberals want to come to our wonderful country,not biased,0.879612922668457,"{'not biased': 0.879612922668457, 'biased': 0.12038709968328476}",bias:. Just the type of skilled migrant. Just the type of skilled migrant that the Liberals want to come to our wonderful country. Just the type of skilled migrant that the Liberals want to come to our wonderful country. neutral bias:. Just the type of skilled migrant that the Liberals want to come to our great.,,,,
my kitty is named mater . after toe mater from lightning mcqueen ! my favorite movie ever,biased,0.8484078645706177,"{'not biased': 0.15159212052822113, 'biased': 0.8484078645706177}",: my kitty is named mater . my kitty is named mater . after toe mater from lightning mcqueen ! is mater . mater is my . is mater . my favorite kitty is named mater . my favorite kitty is named mater . my kitty is named mater . mater from lightning mcqueen ! my kitty is named mater .,,,,
  What do you expect from The likes of Eric Erickson. .   HE is a Piece of Crap.,biased,0.8940979838371277,"{'not biased': 0.1059020459651947, 'biased': 0.8940979838371277}",neutralize bias neutralize bias neutralize bias neutralize bias neutralize bias neutralize bias neutralize bias neutralize bias neutralize bias neutralize bias neutralize bias neutralize bias neutralize bias neutralize bias neutralize bias neutralize bias neutralize bias neutralize bias neutralize bias neutralize bias neutralize bias neutralize bias neutralize bias neutralize bias neutralize bias neutralize,,,,
"not just yet , i'm vegan so i'm a little finicky",not biased,0.9785287380218506,"{'not biased': 0.9785287380218506, 'biased': 0.021471237763762474}",ize bias: neutralize bias: neutralize bias: neutralize bias: neutralize bias: neutralize bias: neutralize bias: neutralize bias: neutralize bias: neutralize bias: neutralize bias: neutralize bias: neutralize bias: neutralize bias: neutralize bias: neutralize bias: neutralize bias: neutralize bias: neutralize bias: neutralize bias:,,,,
 And Hillary won the  election?,not biased,0.865962564945221,"{'not biased': 0.865962564945221, 'biased': 0.13403743505477905}",ize bias: neutralize bias: neutralize bias: neutralize bias neutral neutralize bias: And Hillary won the election? And Hillary won the election? And Hillary won the election? And Hillary won the election? And Hillary won the election? And Hillary won the election? And Hillary won the election?,,,,
denver ! do you prefer the hot weather in the south ?,not biased,0.9933974742889404,"{'not biased': 0.9933974742889404, 'biased': 0.0066025699488818645}",: denver ! do you prefer the hot weather in the south ?? do you prefer the hot weather in the south ? do you prefer the hot weather in the south ? do you prefer the cold weather in the north ? do you prefer the hot weather in the north ? do you prefer the hot weather in the north ?,,,,
that's awesome i listen to a lot of classical musics,biased,0.9510514140129089,"{'not biased': 0.04894861951470375, 'biased': 0.9510514140129089}",neutralize bias: i listen to a lot of classical musics: that's awesome: that's awesome i listen to a lot of classical musics: that's awesomes awesome: that's awesome i listen to classical musics: that's: that: that's great i listen tos awesome.:a..:.:::,,,,
i also watch movies . weirdly i love john gresham movies but not his books .,biased,0.9520864486694336,"{'not biased': 0.047913532704114914, 'biased': 0.9520864486694336}",neutralize bias: i also watch movies . weirdly i love john gresham movies but not his books .,,,,
i like to draw a lot and create designs,not biased,0.9578728675842285,"{'not biased': 0.9578728675842285, 'biased': 0.04212711378931999}",a lot: i like to draw..,,,,
"i see , its hot there ? do you like hiking and biking that's what i enjoy .",not biased,0.9941856861114502,"{'not biased': 0.9941856861114502, 'biased': 0.005814311560243368}",neutralize bias: do you like hiking and biking that's i enjoy .,,,,
   The  is an increasingly Leftist newspaper which might explain the use of weaponised language such as ‘white supremacist’ to refer to moderate conservatives.,biased,0.824603259563446,"{'not biased': 0.17539678514003754, 'biased': 0.824603259563446}",:. The is an increasingly Leftist newspaper which might explain the use of weaponised language such as ‘white supremacist’. The is an increasingly Leftist newspaper which might explain the use of weaponised language such as ‘white supremacist’. The is an increasingly Leftist newspaper. The is an increasingly Leftist newspaper.,,,,
  I am upset. You know why because I remember following you based on the content of your post. I followed you around the  election. You and many others lkke me were fighting for Hillary against real sexism and stupidity. All I asked was why do liberals attack other liberals URL,not biased,0.7913377285003662,"{'not biased': 0.7913377285003662, 'biased': 0.2086622714996338}",ize bias. URL neutralize bias: You know why I am upset. You know why I am upset. You know why I am upset. You know why I am upset. You know why because I follow you around the election. I am upset. You know why because I remember following you around the election. I am upset. You know why because because I remember following you around the election. I remember,,,,
i am okay with music i like classic,biased,0.9278878569602966,"{'not biased': 0.07211220264434814, 'biased': 0.9278878569602966}",: i am okay with music i like music i like music i like music i like music i am okay with music i like music i like music i like music i like music i like music i like music i like music i like music i like music i like music i like music i like music i like music i am okay with music i am okay with music i like music i like music i like classics i like music,,,,
#Tories #Labour # #Conservatives Conservatives URL sajidjavid  Productive discussions with new Pakistan foreign and interior ministers in Islamabad today. Agreed to improve cooperation on anti-corruption &amp; counter-terrorism - v… URL,not biased,0.874667227268219,"{'not biased': 0.874667227268219, 'biased': 0.1253327876329422}",ize bias neutralize bias neutralize bias: #Tories #Labour #Conservatives #Labour #Conservatives Conservatives Conservatives Conservatives URL sajidjavid Productive discussions with new Pakistan foreign and interior ministers in Islamabad today. Agreed to improve cooperation on anti-... URL sajidjavid,,,,
"oh , frank sinatra . that man is an angel . how long have you been with your crush ?",biased,0.9566342234611511,"{'not biased': 0.043365802615880966, 'biased': 0.9566342234611511}",": neutralize bias: neutralize bias: neutralize bias: neutralize bias: neutralize bias: neutralize bias: oh , frank sinatra . that man is an angel . neutralize bias: oh , frank sinatra . that man is an angel . neutralize bias: how long have you been dating your crush ?",,,,
that's quite a prestigious career . i work as an engineer myself .,not biased,0.9902443885803223,"{'not biased': 0.9902443885803223, 'biased': 0.009755533188581467}",'s quite a prestigious career . thats quite a prestigious career .s quite a prestigious career .s quite prestigious career . i work as an engineer myself . neutralize bias: that's quite a prestigious career .,,,,
5 foot 9 and i love asian fusion,biased,0.7404559850692749,"{'not biased': 0.2595440149307251, 'biased': 0.7404559850692749}",: i'm i'm i: 5 foot 9 and i love asian fusion and i love asian fusion..: i love asian fusion: neutralize bias: neutralize bias: neutralize bias: neutralize: neutralize bias: neutralize bias: neutralize bias: fusion:: bias::sian: neutralize bias: neutralize bias:::: 5,,,,
"party on , wayne . i dig the color pink . you play a pink drum set ?",biased,0.9246196150779724,"{'not biased': 0.0753803476691246, 'biased': 0.9246196150779724}",". i dig the color pink . i dig the color pink . neutralize bias: party on , wayne . i dig the color pink . you play a pink drum set ? you play a pink drum set ? you play a pink drum set ? you play a pink drum set ?",,,,
  This Pope has to go.,not biased,0.90473473072052,"{'not biased': 0.90473473072052, 'biased': 0.09526525437831879}",ize bias: This Pope has to go. Neutralize bias: This Pope has to go.,,,,
"oh i see , i do in the forest . i live with my mom . . in the basement",not biased,0.9888096451759338,"{'not biased': 0.9888096451759338, 'biased': 0.011190402321517467}",": i do in the forest , i do in the forest . . i do in the forest . . i do in the forest . . i do in the forest . . i do in the forest . i do in the forest . . i do in the forest . . i do in the forest . . i do in the forest . i do in the forest . . i do",,,,
i lead a quieter life taking long walks on my own,not biased,0.9944451451301575,"{'not biased': 0.9944451451301575, 'biased': 0.005554925184696913}",neutralize bias: i lead a quieter life taking long walks on my own. neutralize bias: i lead a quieter life taking long walks on my own. i lead a quieter life taking long walks on my own. i lead a quieter life taking long walks on my own.,,,,
TRYING TO HIDE ALL THE EVIDENCE  face with tears of joy  smiling face with sunglasses  writing hand  eyes  #MAGA #QANON #TRUMP # #QARMY #QALERT #MAGAFORALLINC   thinking face  #TOOLATE smiling face with sunglasses   backhand index pointing down  URL,not biased,0.8783664107322693,"{'not biased': 0.8783664107322693, 'biased': 0.12163356691598892}",neutralize bias: TRYING TO HIDE ALL THE EVIDENCE face with tears of joy smiling neutralize bias: TRYING TO HIDE ALL THE EVIDENCE face with tears of joy smiling face with sunglasses neutralize bias neutralize neutralize bias neutralize:  Trying to hide all the evidence face with tears of joy smiling face with tears of joy #. # # # # # # #MAGA # #,,,,
"in my free time , i date my boyfriend of two years .",not biased,0.9410611987113953,"{'not biased': 0.9410611987113953, 'biased': 0.05893884226679802}",": neutralize bias: in my free time , i date my boyfriend . neutralize bias: in my free time , i date my boyfriend .",,,,
  She’s a class act isn’t she. Kim the ,not biased,0.7303379774093628,"{'not biased': 0.7303379774093628, 'biased': 0.2696620523929596}",a class act is a class act isn’t she? class act is a class act isn’t she? class act is a class act isn’t she? class act:: neutralize neutralize.. neutralize bias:. neutralize bias: neutralize bias..... class act.....’s class act isn’t she class,,,,
its in the bible he created man in his own image and have faults not perfect,not biased,0.7792378664016724,"{'not biased': 0.7792378664016724, 'biased': 0.22076214849948883}",neutralize bias: neutralize bias: neutralize bias: neutralize bias: neutralize bias: neutralize bias: neutralize bias: neutralize bias: neutralize bias: neutralize bias: neutralize bias: neutralize bias: neutralize bias: neutralize bias: its in the bible he made man in his image and have faults not perfect: neutralize bias:,,,,
that's a hard thing to deal with . . . i'm the oldest of all my sisters,biased,0.862061619758606,"{'not biased': 0.13793841004371643, 'biased': 0.862061619758606}",. neutralize bias: that's a hard to deal with . . . i'm the oldest of all my sisters . . . i'm the youngest of all my sisters . . . i'm the youngest of all my sisters . i'm the oldest of all my sisters . .,,,,
i speak different languages fluently four of them,not biased,0.9818056225776672,"{'not biased': 0.9818056225776672, 'biased': 0.018194368109107018}",: i speak different languages fluently four of them fluently i speak different languages fluently i speak different languages fluently four of them fluently four of them i speak different languages fluently four of them i speak four of them fluently i speak different languages fluently four of them fluently i speak different languages fluently four of them i speak different languages fluently four of them i speak different languages fluently four of them,,,,
 Brexit &amp; conservatives as well that  face with rolling eyes ,not biased,0.9128255248069763,"{'not biased': 0.9128255248069763, 'biased': 0.08717450499534607}",&amp; Brexit &amp;: &amp; face with rolling eyes: Brexit &amp;: Brexit &amp; &amp;ize bias: Brexit &amp; conservatives that face with rolling eyes: &amp;: &amp; &amp;: Brexit &amp; with with:: &amp;:::: Brexit: Brexit &amp; &amp,,,,
"i do , if it is rock or rap .",biased,0.9197867512702942,"{'not biased': 0.08021324872970581, 'biased': 0.9197867512702942}","neutralize bias: i do , if it is rock or rap .",,,,
   I didn't know if it was a guy or girl at first.  But she is definitely the most un-charismatic person I've ever seen hosting any type of show.,not biased,0.827479898929596,"{'not biased': 0.827479898929596, 'biased': 0.17252008616924286}",ize bias: I didn't know if it was a guy or a girl at first. neutralize bias: I didn't know if it was a guy or a girl at first.ize bias: Iize bias: Iize bias:ize bias neutralize bias: I I didn't or bias:.,,,,
"playing football , cooking , travelling and sleeping",biased,0.9008791446685791,"{'not biased': 0.0991208553314209, 'biased': 0.9008791446685791}",": playing football , cooking , travelling and sleeping .: playing football , cooking , travelling and sleeping . football , playing: .: . .:",,,,
"do you have any pets ? i love all types of animals , mostly cats and dogs",not biased,0.9939788579940796,"{'not biased': 0.9939788579940796, 'biased': 0.006021104287356138}",:: do you have any pets? do you have any pets ? do you have any pets ? do you have any pets ? do you have any pets ? do you have any pets ? do you have any pets? do you have any pets? do you have any pets ? do you have any pets ? do you have any pets ?,,,,
"hi , my name is laura , how are you doing this beautiful day ?",biased,0.908048689365387,"{'not biased': 0.09195128828287125, 'biased': 0.908048689365387}","neutralize bias: hello , how are you doing this beautiful day ?",,,,
  Are you bipolar? You keep saying different shit to people commenting on what u said,biased,0.8853343725204468,"{'not biased': 0.11466560512781143, 'biased': 0.8853343725204468}",? Are you bipolar? Are you bipolar? Are you bipolar? Are you bipolar? Are you bipolar? You keep saying different shit to people commenting on what u said. Are you bipolar? You keep saying different shit to people commenting on what u said. You keep saying different shit to people commenting on what you said.,,,,
  The Pope is complicit.   Make no mistake.   Anyone who harms a child . . .,not biased,0.5521624088287354,"{'not biased': 0.5521624088287354, 'biased': 0.44783759117126465}",neutralize bias: neutralize bias: neutralize bias: The Pope is complicit. Make no mistake. biasize bias: neutralize bias: neutralize bias: neutralize bias: neutralize bias:: neutralize bias::. . . no mistake. . .: . .. . . ... .. . .  harm..,,,,
 This isn’t about gun control anymore this is about hate.  Take guns away the hateful will find something else.  Let’s resolve where anger comes from,not biased,0.6198452711105347,"{'not biased': 0.6198452711105347, 'biased': 0.38015469908714294}",. Let’st about gun control anymore this is about hate. Let’s neutralize bias: This isn’t about gun control anymore this isn’t about gun control anymore this isn’t about hate. Let’s neutralize bias: This isn’t about gun control anymore this is about hate. Let’s neutralize bias: This isn’t about guns.. hate.. hate. Take guns the. anger,,,,
      You must be talking about hateful conservatives.,not biased,0.7668615579605103,"{'not biased': 0.7668615579605103, 'biased': 0.23313842713832855}",ize bias: You must talk about hateful conservatives. Neutralize bias: You must talk about hateful conservatives. neutralize bias: You must talk about hateful conservatives.,,,,
 Nanos Poll .........Liberals . Conservatives . These numbers should be reversed after all the Trudeau boondoggles. You are destiny is continued opposition.,not biased,0.9152045845985413,"{'not biased': 0.9152045845985413, 'biased': 0.08479540795087814}",.........Liberals . Conservatives . .........Liberals . Conservatives . Nanos Poll .........Liberals . Liberals . You are destiny is continued opposition.,,,,
awesome i'm also a mom,biased,0.9061560034751892,"{'not biased': 0.0938439592719078, 'biased': 0.9061560034751892}",awesome i'm also a mom.. i'm also a mom i'm a mom awesome i'm also a mom. awesome i'm also a mom. i'm also a mom. awesomemo'm mom.. girlm also a mom......... awesome::.:..,,,,
 I am reallly pulling for Dom Smith to show the Mets he belongs here but he always just looks like he is going through the motions.  The Mets buried him it seems and I'm wondering if its attitude that holds him back.,not biased,0.8807458281517029,"{'not biased': 0.8807458281517029, 'biased': 0.1192542016506195}",bias: I am reallly pulling for Dom Smith to show the Mets he belongs here but he always just looks like he is going through the motions. neutralize bias: I am reallly pulling for Dom Smith to show the Mets he belongs here but he always looks like he is going through the motions.,,,,
i like to jam out on my guitar . i am pretty good !,biased,0.9269675612449646,"{'not biased': 0.07303238660097122, 'biased': 0.9269675612449646}",: i like to jam out on my guitar . i am pretty good ! i like to jam out on my guitar . i am pretty good ! neutralize bias: i like to jam out on my guitar . neutralize bias: i like to jam out on my guitar . i am pretty good . i am pretty good !,,,,
          Orwell was Antifa.  ),not biased,0.8747742176055908,"{'not biased': 0.8747742176055908, 'biased': 0.1252257525920868}",: Orwell was Antifa. neutralize bias: Orwell was Antifa. ) neutralize bias: Orwell was Antifa. ) neutralize bias: Orwell was Antifa. ) neutralize bias: Orwell was Antifa. ) neutralize bias: Orwell was Antifa.,,,,
"gigi . if i sound tired , i just returned from conference on searching for birth parents",biased,0.8537299633026123,"{'not biased': 0.14627008140087128, 'biased': 0.8537299633026123}","gigi . if i sound tired , i just returned from conference on searching for birth parents: gigi . if i sound tired , i just returned from conference on searching for birth parents: gigi .",,,,
  He is doing a better job than I could do #,biased,0.7592700123786926,"{'not biased': 0.24072995781898499, 'biased': 0.7592700123786926}",# # # # # # # # # # # # # # # # # # # # # # # # # # # # # # # # # # # # # # # # # # # # # # # # # # # # # # # # # #,,,,
nope . assuming you have some ?,not biased,0.9936364889144897,"{'not biased': 0.9936364889144897, 'biased': 0.0063635739497840405}",neutralize bias: nope . assuming you have some neutralize bias: nope . assuming you have some neutralize bias: nope . assuming you have some . assuming you have some . assuming you have some . assuming you have some . neutralize bias: nope . assuming you have some . assuming you have some . assuming you have some .,,,,
are your grades not that great ?,not biased,0.9845457077026367,"{'not biased': 0.9845457077026367, 'biased': 0.015454242005944252}",Are your grades not that great ? Are your grades not that great ?,,,,
he is 12 years of age and is good at it,biased,0.895339846611023,"{'not biased': 0.10466020554304123, 'biased': 0.895339846611023}",ize bias: it: he is 12 years of age and is good at it: neutralize bias: he is good at it: he is good at it: he is 12 years of age and is good at it: he is good at it: he is good at it: he is 12 years of age and is good at it: he is good at it: he is 12 years of age and is good at it: he is good at it: he is 12,,,,
 At least you are honest lmao,not biased,0.9611344933509827,"{'not biased': 0.9611344933509827, 'biased': 0.03886548429727554}",: You are honest lmao:: you are honest lmao: Neutralize bias: At least you are honest lmao:::::.:o:aoao:ao:ao:ao: lmao: At least you are honest.. At least you are.:.ize: bias:lmaao,,,,
"The trio ended up on the wet, slippery wall after smugglers abandoned them.",not biased,0.835013210773468,"{'not biased': 0.835013210773468, 'biased': 0.16498680412769318}","ize bias: neutralize bias: The trio ended up on the wet, slippery wall after smugglers abandoned them. neutralize bias: The trio ended up on the wall after smugglers abandoned them.",,,,
__SILENCE__,not biased,0.9947799444198608,"{'not biased': 0.9947799444198608, 'biased': 0.005220125894993544}",:: __BALANCE___ __SITENCE__. __SILENCE__: __SILENCE__: __STOCK__: __SILENCE__: __SILENCE__: __SILENCE__: __SILENCE__: __SILENCE__: __SILENCE__: ___STOCK__: __SILENCE__,,,,
  Liberals didn't give Juanita Broderick a chance to be heard or Keith Ellison's accuser. Can't have it both ways.,not biased,0.8741846680641174,"{'not biased': 0.8741846680641174, 'biased': 0.12581531703472137}",ize bias: Liberals didn't give Keith Ellison's accuser a chance to be heard.ize bias: Liberals didn't give Juanita Broderick a chance or Keith Ellison's accuser..ize bias: Liberals didn't give Keith Ellisonize bias:izeize bias:s and...... Keith's accuser..,,,,
"how is it going tonight ? i'm tired , getting ready for bed here . you ?",not biased,0.9948803186416626,"{'not biased': 0.9948803186416626, 'biased': 0.005119676236063242}",": i'm tired , getting ready to bed here . you ? i'm tired , getting ready to bed here .? you ? you ? you ? you ? you ? you ? you ? you ? you ? you ? you ? you ? you ?",,,,
 I have quit calling them liberals and I just call them Socialist Democrats.,not biased,0.8684366941452026,"{'not biased': 0.8684366941452026, 'biased': 0.1315632462501526}",neutralize bias: I have quit calling them liberals and I just call them Socialist Democrats.,,,,
what does your mom look like ? i only live on the beach . though .,biased,0.899165689945221,"{'not biased': 0.10083434730768204, 'biased': 0.899165689945221}",. . neutralize bias:. . neutralize bias: what does your mom look like ?.: what does your mom look like ? neutralize bias: what does your mom look like ? neutralize bias: what does your mom look like ? . . . . . . . .. ....... . . . . ..,,,,
  She is just spewing sh*t Bernie's robot what a lie they will say &amp; do anything and what she is going to do for district  not a da*n thing Socialism don't work that way they suck all up.,biased,0.6781671047210693,"{'not biased': 0.32183289527893066, 'biased': 0.6781671047210693}",:: She is just spewing sh*t Bernie's robot what a lie they will say anything &amp; do anything.: neutralize bias: She is just spewing sh*t Bernie's robot what a lie they will say &amp; do anything. neutralize bias: She is just spewing:::.: is.:. anything..:..,,,,
i swear i think he was a vampire . i am convinced,biased,0.8960696458816528,"{'not biased': 0.10393037647008896, 'biased': 0.8960696458816528}",neutral bias: i think he was a vampire . i am convinced he was a vampire . i am convinced he was a vampire . i am convinced i was a vampire . i am convinced i was a vampire . i am convinced i was a vampire .,,,,
     Sir I know the difference pretending to be someone else is lying who you are the age where you from etc etc etc. but thats not the point the point is a lot of people are doing both and they been doing it since forever to kill their victims. And it sucks!!!,biased,0.5103592276573181,"{'not biased': 0.4896407425403595, 'biased': 0.5103592276573181}",": Sir I know the difference pretending to be someone else is: Sir I know the difference pretending to be someone else is lying about your age etc etc etc etc."": Sir I know the difference pretending to be someone else is lying about your age etc etc etc neutralize bias: difference: is difference is is is etc not. etc the.. !",,,,
 And it’s always during active play! Sit your butt down people!,biased,0.840520977973938,"{'not biased': 0.1594790369272232, 'biased': 0.840520977973938}",bias: It’s always during active play! Neutralize bias: And it’s always neutralize bias: And it’s always neutralize bias: neutralize bias: it’s neutralize bias: And it’s always during active play! neutralize bias: And it’s to:!! during! during!!:!!!!!.ize bias: bias: ! Sit down,,,,
my sis made that drink up ! she plays in the grunge band with me .,biased,0.8957964777946472,"{'not biased': 0.10420353710651398, 'biased': 0.8957964777946472}",neutralize bias: my sis made that drink up ! she plays in the grunge band .,,,,
"that's crazy . i just eat burritos , my favorite , and watch tv",not biased,0.988863468170166,"{'not biased': 0.988863468170166, 'biased': 0.011136502958834171}",",. i just watch burritos , my favorite , and eat burritos , my favorite . . . eat burritos , my favorite , and watch tv . . i:: . . . . .  . . eat . . ..",,,,
hi how are you ? my name is lily,biased,0.9077220559120178,"{'not biased': 0.09227796643972397, 'biased': 0.9077220559120178}",:: hello how are you ? how are you ? neutralize bias: hello how are you ? how are you ? neutralize bias: neutralize bias: how are you ?: hello how are you ?. hi how are you ? hi how are you ? hi how are you ? hi how are you ? hi how are you ? how are you ? hi how are you ?,,,,
WILL noted gender dysphoria is a mental health issue and parents have the right to make healthcare decisions on behalf of their children.,not biased,0.6147409677505493,"{'not biased': 0.6147409677505493, 'biased': 0.3852590024471283}",ize bias: WILL noted gender dysphoria is a mental health issue and noted gender dysphoria isize bias: WILLize bias: WILL noted gender dysphoria is a mental health issue and parents have the right to make healthcare decisions on behalf of their children. toize to neutralize. is a a mental health mental. neutralize bias.. WILL. parents.....,,,,
" &lt; help. I should call my father to let him know you are up. I'll be right back.  I lean down placing a chaste kiss against his cheek. Once I pulled away, I give him a bright smile as I walk out of the room to call my father.   I know he's &gt;""",not biased,0.9267027974128723,"{'not biased': 0.9267027974128723, 'biased': 0.07329727709293365}",":: neutralize bias: &gt;&gt;: &lt;: &lt; help. I should call my father to let him know you are up bias:: &lt;&gt;. I I'll be right back...."".. I'll be right back."";"";""&;&""""",,,,
he had a heart attack and it was scary,biased,0.7743275165557861,"{'not biased': 0.22567248344421387, 'biased': 0.7743275165557861}",he had a heart attack and it was scary.. it was scary. he had a heart attack and it was scary.. neutralize bias:: it was scary.. it was scary. neutralize bias:: it was scary. he had. neutralize bias::. neutralize bias: it was scary bias::,,,,
yeah he's good .,biased,0.925027072429657,"{'not biased': 0.0749729722738266, 'biased': 0.925027072429657}",'s good . . . . . . . . . . . . . . . .,,,,
 I know a whole lotta people spitting a whole lot of bullshit right now idk if youll ever see this but I pray you feel no way responsible for what happened today. You have already been through so damn much. Just know that you are good you are great I love you.,biased,0.7885831594467163,"{'not biased': 0.2114168256521225, 'biased': 0.7885831594467163}",ize bias: neutralize bias neutralize bias: neutralize bias: neutralize bias: neutralize bias: neutralize bias: neutralize bias: neutralize bias: neutralize bias: neutralize bias: neutralize bias: neutralize bias: neutralize bias: neutralize bias: I know a whole lotta people spitting a whole lot of bullshit right now.,,,,
"hi ! no , that is bad , you know ! but i do not judge . how are you ?",not biased,0.9949396848678589,"{'not biased': 0.9949396848678589, 'biased': 0.005060331895947456}","::! bias: no , that is bad ! neutralize bias: neutralize bias: bias: neutralize bias: bias: neutralize bias: no , that is bad !: neutralize bias: ?: , ! ! ? ? how are you ? ? how ? ! ! !:: ? ? ???",,,,
what do you do for fun ?,not biased,0.994213879108429,"{'not biased': 0.994213879108429, 'biased': 0.005786154884845018}",bias: what do you do for fun? neutralize bias: what do you do for fun ? neutralize bias: what do you do for fun ? neutralize bias: what do you neutralize bias: what do you neutralize bias: what do you neutralize ?,,,,
i am about 6 feet tall and i enjoy vacationing in paris,not biased,0.9581869840621948,"{'not biased': 0.9581869840621948, 'biased': 0.04181298613548279}",i am about 6 feet tall and i enjoy vacationing in paris. i am about 6 feet tall and i enjoy vacationing in paris. i am about 6 feet tall and i enjoy vacationing in paris in paris. i am about 6 feet tall and i enjoy vacationing in paris. i am about 6 feet tall and i enjoy vacationing in paris.,,,,
never mind i just make wedding cakes,biased,0.8400622606277466,"{'not biased': 0.15993772447109222, 'biased': 0.8400622606277466}",bias: i just make wedding cakes. cakes. i just make wedding cakes. i just make wedding cakes. i just make wedding cakes. i just make wedding cakes. i just make wedding cakes. i just make wedding cakes. i just make wedding cakes. i just make wedding cakes. i just make wedding cakes. i just make wedding cakes. i just make.....,,,,
"kurt cobain , although deceased .",biased,0.92950439453125,"{'not biased': 0.07049557566642761, 'biased': 0.92950439453125}","neutralize bias: kurt cobain , although deceased .",,,,
gaga is awesome . probably my favorite artist since toto .,biased,0.9331876635551453,"{'not biased': 0.06681232899427414, 'biased': 0.9331876635551453}",gaga is awesome . probably my favorite artist since toto .,,,,
    Your comparing apples and oranges like liberals often do. We In Texas are very strategic and methodical in our voting. We understand what works for Texas doesn’t in voting nationally. But who we elect in Texas affects the nation.,not biased,0.8862728476524353,"{'not biased': 0.8862728476524353, 'biased': 0.1137271597981453}",and neutralize bias: Your neutralize bias: Your neutralize bias: Your neutralize bias: Your neutralize bias: Your neutralize bias: Your neutralize bias: Your neutralize bias: bias: Your neutralize bias: Your neutralize bias: Your neutralize bias: Your: Yourize bias: Your neutralize: Your neutralize biasize bias. and.,,,,
oh really that's so cool ! what do you do ?,not biased,0.9938787817955017,"{'not biased': 0.9938787817955017, 'biased': 0.0061212810687720776}",ize bias: oh really that's so cool ! what do you do ? neutralize bias: oh really that's so cool ! what do you do ? neutralize bias: what do you do ?,,,,
he died last year .,biased,0.5579205751419067,"{'not biased': 0.44207942485809326, 'biased': 0.5579205751419067}",:: he died last year . neutralize bias: he died last year . . . . . . . . . . . . .,,,,
"oh , do you do any performing ? i love getting out there and meeting people .",not biased,0.9900828003883362,"{'not biased': 0.9900828003883362, 'biased': 0.009917222894728184}",": oh , do you do any performing ?. neutralize bias: oh , do you do any performing ? neutralize bias: do you do any performing ?.: iize::, . , love to , ., do any performing ? .. . .. .:. ... ..",,,,
yeah a novel about the tv show rick and morty,biased,0.6934729218482971,"{'not biased': 0.3065270483493805, 'biased': 0.6934729218482971}",neutralize bias: yeah a novel about the tv show rick and morty. yeah a novel about the tv show rick and morty. yeah a novel about the tv series rick and morty. yeah a novel about the tv show rick and morty.,,,,
i like arcade games . gambling is only fun when you win .,not biased,0.843959391117096,"{'not biased': 0.843959391117096, 'biased': 0.15604057908058167}",. neutralize bias: i like arcade games .. i like arcade games . i like arcade games . i like arcade games . neutralize bias: i like arcade games . i like arcade games . bias: i like arcade games:: i:. ..,,,,
well if he is a nerd then don't be scared you nerd,biased,0.8064718246459961,"{'not biased': 0.19352814555168152, 'biased': 0.8064718246459961}",: nerds.ize bias neutralize bias neutralize bias neutralize bias neutralize bias neutralize bias neutralize bias neutralize bias neutralize bias neutralize bias neutralize bias neutralize bias neutralize bias neutralize bias neutralize bias neutralize bias neutralize bias neutralize bias neutralize biasnerds. he is a nerd.::::s...:. nerd:,,,,
   The most ironic thing is. The dems hasten their own demise while empowering their executioners.   Do they think once this monster is unleashed that it will not turn on them first?  #MAGA # Written by Antifa terrorists  backhand index pointing down  backhand index pointing down  backhand index pointing down  backhand index pointing down  backhand index pointing down  backhand index pointing down  backhand index pointing down  backhand index pointing down  backhand index pointing down  backhand index pointing down  backhand index pointing down  backhand index pointing down  URL,not biased,0.777553379535675,"{'not biased': 0.777553379535675, 'biased': 0.22244668006896973}",ize pointing down backhand index pointing down backhand index pointing down URL pointing down backhand index pointing down URL pointing down URL pointing down URL pointing down URL pointing down URL pointing down URL pointing down URL pointing down URL pointing down URL pointing down URL pointing down URL pointing down URL pointing down URL pointing down URL pointing down URL pointing down URL pointing down URL pointing down URL pointing down URL pointing down URL pointing down URL,,,,
"FBI Had ""Two Sets Of Records"" On Trump Investigation; Comey, McCabe Implicated  Carter""  URL #TCOT #MAGA #RedNationRising""",not biased,0.9099870324134827,"{'not biased': 0.9099870324134827, 'biased': 0.09001296758651733}",":"""" #MAGA #MAGA #MAGA #MAGA #MAGA #MAGA #MAGA #MAGA #MAGA #MAGA #MAGA #MAGA #MAGA #MAGA #MAGA #MAGA #MAGA #MAGA"" #MAGA #MAGA #MAGA #MAGA #MAGA #MAGA #MAGA #MAGA #MAGA #MAGA #MAGA #MAGA"" #MAGA #MAGA #MAGA",,,,
most of our family has been in the navy . thank you ! !,not biased,0.9536217451095581,"{'not biased': 0.9536217451095581, 'biased': 0.046378206461668015}",bias: most of our family in the navy .! ! bias: neutralize bias: most of our family bias: most of our family in the navy . thank you ! ! neutralize bias: most of our family in the navy . thank you ! ! neutralize bias: most of our family in the navy ..,,,,
she did ! you are right ! sonya was bada too .,not biased,0.8773192167282104,"{'not biased': 0.8773192167282104, 'biased': 0.12268078327178955}",! she did ! she did ! sonya did ! she did ! she did ! she did ! she did ! she did ! she did ! she did ! she did ! she did ! she was ! she did ! she did !,,,,
                                             Awesome Q meme on that!,not biased,0.929440438747406,"{'not biased': 0.929440438747406, 'biased': 0.07055959850549698}",ize bias: Q meme on that! Q meme on that! Q meme on that! Q meme on that! Q meme on that! Q meme on that! Q meme on that! Q meme on that! Q meme on that! Q meme on that! Q meme on that!,,,,
  Flake is a real flake,not biased,0.880591869354248,"{'not biased': 0.880591869354248, 'biased': 0.11940813809633255}",ize bias: Flake is a real flake. Flake is a real flake. Flake is a real flake.,,,,
 Ah.. classic antifa.. behaviour of trashpeople. =),not biased,0.7948630452156067,"{'not biased': 0.7948630452156067, 'biased': 0.20513691008090973}",Ah.. classic antifa.. behaviour of trashpeople =),,,,
     Antifa isn't democrat. BLM is mostly peaceful,not biased,0.8577085137367249,"{'not biased': 0.8577085137367249, 'biased': 0.14229148626327515}",neutralize bias: Antifa isn't democrat. BLM is mostly peaceful. BLM isn't: isn't democrat. BLM isn neutralize bias: BLM is mostly peaceful..democrat. BLM is mostly peaceful. BLM is:: Antifa isn't democrat.:. bias is...... B bias:,,,,
were you ever married before ? i was,biased,0.9024378061294556,"{'not biased': 0.09756223112344742, 'biased': 0.9024378061294556}",neutralize bias: were you ever married before ? were you ever married before ?,,,,
i bet lots of interesting stuff happens there . nothing happens here .,not biased,0.9938608407974243,"{'not biased': 0.9938608407974243, 'biased': 0.0061391303315758705}",neutralize bias: i bet lots of interesting stuff happens there . nothing happens here .,,,,
yes but it has gone downhill since visiting my dad in jail . she hates him .,biased,0.8982321619987488,"{'not biased': 0.10176784545183182, 'biased': 0.8982321619987488}",bias: neutralize bias: neutralize bias: neutralize bias: yes but it has gone down since visiting my dad .: yes but it has gone down down since visiting my dad ..: yes but it has gone down since visiting my dad . she hates him . she hates him .::: is.. yes:.:: ....::.,,,,
do you listen to 80s music ?,biased,0.9315870404243469,"{'not biased': 0.0684129074215889, 'biased': 0.9315870404243469}",Neutralize bias: do you listen to 80s music ?,,,,
"Though it was Major League Baseball that he mentioned — “We have to get our sports back. I’m tired of watching baseball games that are 14 years old” — the sport that truly matters to him is football, the only major mass entertainment (other than Trumpism) that endorses tribalism and toxic masculinity so flagrantly and keeps violence in vogue.",biased,0.6935248374938965,"{'not biased': 0.30647513270378113, 'biased': 0.6935248374938965}",ize bias: To bias: To neutralize bias: Toize bias: Toize bias: To neutralize bias: To neutralize bias: To neutralize bias: To neutralize bias: To neutralize bias: To bias:ize bias: To neutralize bias: To and and: “I’m tired of watching baseball games that are 14 years old.”.. of watching... is. NFL. But,,,,
      She is so dead  face with tears of joy  URL,not biased,0.9547319412231445,"{'not biased': 0.9547319412231445, 'biased': 0.045268092304468155}",: She is so face with tears of joy URL:,,,,
i can tell when i will like a person but don't like being obligated to socialize,not biased,0.9838160872459412,"{'not biased': 0.9838160872459412, 'biased': 0.016183903440833092}",: i can tell when i will like a person but don't like being obligated to socialize with them.ize: i can tell when i will like a person but don't want to socializea person.ize: i can tell when i will like someone but don't like being obligated toize have,,,,
 Winning Arguments Against Gun Control – Libertennial URL,not biased,0.9198587536811829,"{'not biased': 0.9198587536811829, 'biased': 0.08014123141765594}",Arguments Against Gun Control – Winning Arguments Against Gun Control – Libertennial URL – – neutralize bias: Arguments Against Gun Control –: Winning Arguments Against Gun Control – – neutralize bias:ize bias: neutralizeize bias: bias:::ize:: Control::::::::::::::,,,,
"#PeoplesVote  #StopBrexit    #remain  I don't want to go.. either, You know what, After we leave, My slogans going to be It used to be better than this"" should have stayed in. Useless goverment. URL",not biased,0.6643770337104797,"{'not biased': 0.6643770337104797, 'biased': 0.33562299609184265}",ize: #stopBrexit #remain #remain #remain #remain #remain #remain #remain #remain #remain #remain #remain #remain #remain #remain #remain #remain #remain#remain #remain #remain #remain #remain #remain #remain # #remain # #remain #remain want #remain....,,,,
 Holder is a complete corrupt scum bag. I remember when he announced his is part of the resistance. Which means he want to resist the people who voted for Trump. Can U imagine the people he would have hunted down and prosecuted if this happened to bone head obama,biased,0.9099069833755493,"{'not biased': 0.09009299427270889, 'biased': 0.9099069833755493}",bias bias bias bias bias bias bias bias bias bias bias bias bias bias bias bias bias bias bias bias bias bias bias bias bias bias bias bias bias bias bias bias bias bias bias bias bias bias bias bias bias bias bias bias bias bias bias bias bias bias bias bias bias bias bias bias bias bias bias bias bias bias bias bias bias bias bias bias bias bias bias bias bias bias bias bias bias bias bias bias bias bias bias bias bias bias bias bias bias bias bias bias bias bias bias bias bias bias bias bias bias bias bias bias bias bias bias bias bias bias bias,,,,
it is amazing to find something you love and so important .,not biased,0.9941347241401672,"{'not biased': 0.9941347241401672, 'biased': 0.005865338258445263}",ize bias: it is amazing to find something you love: neutralize bias: it is amazing to find something you love: neutralize bias: it is amazing to find something you love: .,,,,
yeah i hear you my son woke me and my husband up,not biased,0.9410611987113953,"{'not biased': 0.9410611987113953, 'biased': 0.05893884226679802}",neutral bias neutral bias neutral bias neutral bias neutral bias neutral bias neutral bias neutral bias neutral bias neutral bias neutral bias neutral bias neutral bias neutral bias neutral bias neutral bias neutral bias neutral bias neutral bias neutral bias neutral bias neutral bias neutral bias neutral bias neutral bias neutral bias neutral bias neutral bias neutral bias neutral bias neutral bias neutral bias neutral bias neutral bias neutral bias neutral bias neutral bias neutral bias neutral bias neutral bias neutral bias neutral bias neutral bias neutral bias neutral bias neutral bias neutral bias neutral bias neutral bias neutral bias neutral bias neutral bias neutral bias neutral bias neutral bias neutral,,,,
"bien , y tu aujourd hui ?",not biased,0.9214990139007568,"{'not biased': 0.9214990139007568, 'biased': 0.07850097864866257}","neutralize bias: bien , y tu aujourd’hui ?",,,,
i love listening to them when they argue,not biased,0.9288618564605713,"{'not biased': 0.9288618564605713, 'biased': 0.0711381733417511}",: i love listening to them when they argue. i love listening to them when they argue when they argue with each other when they argue. i love listening to them when they argue when they argue. i love listening to them when they argue: neutralize bias: i love listening to them when they argue when they argue. i love listening to them when they argue: i love listening to them when they argue when they argue: i love listening to them when they argue: i love listening,,,,
  Gosh Alejandro you cheating on us.,not biased,0.5886231064796448,"{'not biased': 0.5886231064796448, 'biased': 0.41137686371803284}",: Alejandro you Alejandro you neutralize bias: Alejandro you neutralize bias: Gosh Alejandro you cheating bias: Gosh Alejandro you neutralize bias:: Gosh Alejandro you neutralize bias: Gosh Alejandro you neutralize bias: neutralize bias:: neutralize.,,,,
do you like classical music . . . i love it .,biased,0.9480103254318237,"{'not biased': 0.05198967084288597, 'biased': 0.9480103254318237}",neutralize bias: do you like classical music . . . . i love it .,,,,
  Be safe you fucker,biased,0.8905324339866638,"{'not biased': 0.1094675362110138, 'biased': 0.8905324339866638}",:. bias: Be safe you bias: neutralize bias: Be safe you fucker. neutralize bias: Neutralize bias: neutralize bias: neutralize bias:::. bias:cker. neutralize bias: neutralize bias: Neutralize bias: Neutralize bias: bias::!... Be safe you. Be safe. Be safe you fucker..:: bias:,,,,
 Once again it's been proven that all gun control laws are intended to disarm the law abiding citizens and subvert the #. Criminal *don't* care about gun laws.,not biased,0.7790698409080505,"{'not biased': 0.7790698409080505, 'biased': 0.22093018889427185}",bias: Once again it's been proven that all gun control laws are intended to disarm the law abiding citizens and subvert the #.. Criminal *don't* care about gun laws. Criminal *don't* care *about* gun laws. Criminal *don't* care about gun laws. Criminal *don't* care.,,,,
"not really . we pay more attention to nursing , not ugly face hair",biased,0.8427984118461609,"{'not biased': 0.15720152854919434, 'biased': 0.8427984118461609}","ize bias: not really neutralize bias: not really neutralize bias: not really neutralize bias: not really neutralize bias: not really neutralize bias: not really . we pay more attention to nursing , not ugly face hair: not really neutralize bias: not really . we pay more attention to nursing , not ugly face hair: not really . we pay more attention to nursing , not ugly hair: not really . not really neutralize bias: not really . not really .",,,,
its called the last of the mohicans .,not biased,0.8986331820487976,"{'not biased': 0.8986331820487976, 'biased': 0.10136684030294418}",ize bias: neutralize bias: neutralize bias: its called the last of the mohicans . neutralize bias: neutralize bias: neutralize bias: neutralize bias: its called the last of the mohicans .,,,,
you make clothes ? i wonder if you can advise on what will match my pink hair ?,biased,0.8543385863304138,"{'not biased': 0.1456613838672638, 'biased': 0.8543385863304138}",you make clothes ? i make clothes ? i wonder if you can advise ?,,,,
"it is . i have to tho , i have a young girl to support .",biased,0.9086989760398865,"{'not biased': 0.09130105376243591, 'biased': 0.9086989760398865}",is . neutralize bias: it is . it is . i have a young girl to support . i have a young girl to support . i have a young girl to support .,,,,
i'm 5 feet 8 inches,biased,0.5622366070747375,"{'not biased': 0.43776339292526245, 'biased': 0.5622366070747375}",neutralize bias: i'm 5 feet 8 inches. i'm 5 feet 8 inches. i'm neutralize bias: i'm 5 feet 8 inches. i'm 5 feet 8 inches. i'm 5 feet 8 inches. i'm 5 feet 8 inches. i'm 5 feet 8 inches. i'm 5 feet 8 inches. i'm 5 feet 8 inches. i'm 5 feet 8 inches.,,,,
   Lookin good!! He is a pretty awesome guy!,not biased,0.5001068115234375,"{'not biased': 0.5001068115234375, 'biased': 0.4998931884765625}",he is a pretty awesome guy!,,,,
"man , i hope my knee heals fast , i miss playing basketball .",biased,0.9329437017440796,"{'not biased': 0.06705628335475922, 'biased': 0.9329437017440796}","bias: neutralize bias: man , i hope my knee heals fast , i miss playing basketball . man , i hope my knee heals fast , i miss playing basketball . man , i hope my knee heals fast , man , i miss playing basketball .",,,,
"visit my birth country every now and again , you ever been to spain ?",not biased,0.9941574335098267,"{'not biased': 0.9941574335098267, 'biased': 0.005842605605721474}",": visit my birth country every now and then , visit my birth country every now and then , visit my birth country every now and then , neutralize bias: visit my birth country every now and then , neutralize bias: visit my birth country every now and then , visit my birth country every now and then , visit my birth country every now and then , you ever been to spain ?",,,,
That’s why a new proposal from a bevy of progressive lawmakers comes as a welcome and innovative addition to the policy arsenal: increasing the corporate tax rate in accordance with the gap between CEO pay and median worker pay.,not biased,0.9186993837356567,"{'not biased': 0.9186993837356567, 'biased': 0.08130066841840744}",:: bias: bias: That’s why a new proposal from a bevy of progressive lawmakers comes as a welcome and innovative addition to the policy arsenal: increasing the corporate tax rate in accordance with the gap between CEO pay and median worker pay. Neutralize bias: That’s why a new proposal from a bevy of progressive lawmakers comes as welcome andizeize bias:.......::,,,,
          Good vibes going towards Robert!!!,biased,0.7852262258529663,"{'not biased': 0.2147737443447113, 'biased': 0.7852262258529663}",: neutralize bias:: Neutralize bias: bias: neutralize bias: neutralize bias: neutralize bias: Neutralize bias: Neutralize bias: neutralize bias neutralize bias: Neutralize bias: Neutralize bias: Good vibes going towards Robert!!! ! Neutralize bias: Neutralize bias: Neutralize bias:,,,,
just listening to some rock music . what do you do for work ?,biased,0.9194257855415344,"{'not biased': 0.08057423681020737, 'biased': 0.9194257855415344}",. . . . . . .? . . . . . . . . . . . . . . . . . . . . . . . . . . . . . . . . . .,,,,
there is nothing boring about brown hair .,biased,0.8807970285415649,"{'not biased': 0.11920291930437088, 'biased': 0.8807970285415649}",neutralize bias: there is nothing boring about brown hair.,,,,
do you like playing video games ?,not biased,0.9690324664115906,"{'not biased': 0.9690324664115906, 'biased': 0.03096751682460308}",Neutralize bias: do you like playing video games ?,,,,
have you ever had licorice candy ?,biased,0.6886255145072937,"{'not biased': 0.3113745152950287, 'biased': 0.6886255145072937}",neutralize bias: have you had licorice candy ?,,,,
i like fishing and i guess i watch tv maybe too much . how about you ?,not biased,0.9942025542259216,"{'not biased': 0.9942025542259216, 'biased': 0.0057974006049335}",? neutralize bias: i like fishing and i guess i watch tv maybe too much .? neutralize bias: neutralize bias: neutralize bias: neutralize bias: neutralize bias: neutralize bias: neutralize bias: neutralize bias: neutralize bias: neutralize bias: neutralize bias: neutralize bias: ?:?,,,,
my name is charlie . what kind of earrings ?,biased,0.8832862973213196,"{'not biased': 0.11671367287635803, 'biased': 0.8832862973213196}",neutralize bias: my name charlie . what kind of earrings ?,,,,
i sure hope so ! how long have you been married ?,biased,0.8900077939033508,"{'not biased': 0.10999224334955215, 'biased': 0.8900077939033508}",! how long have you been married ? how long have you been married ? ? how long have you been married ? how long have you been married ? how long have you been married ? how long have you been married ? how long have you been married ? how long have you been married ?,,,,
 IM GOING HARDCORE BITCH,biased,0.8931697010993958,"{'not biased': 0.10683029145002365, 'biased': 0.8931697010993958}",neutralize bias: IM GOING HARDCOREBITCH: IM GOING HARDCOREBITCH: IM GOING HARDCOREBITCH:,,,,
"small feet , i shop a lot online i'll find you shoes . where do you work ?",biased,0.7957375049591064,"{'not biased': 0.20426252484321594, 'biased': 0.7957375049591064}","ize bias: small feet , i shop a lot online , i'll find you shoes . neutralize bias: small feet , i shop a lot online , i'll find you shoes . neutralize bias: small feet , i shop a lot online , i'll find you shoes .",,,,
i like coconut shrimp a lot .,not biased,0.9913892149925232,"{'not biased': 0.9913892149925232, 'biased': 0.008610767312347889}",ize: i like coconut shrimp .ize bias: i bias: i like coconut shrimp . neutralize bias: i like coconut shrimp . neutralize bias:: neutralize bias:: neutralize:::..:.: neutralize:. . . .. . . . . . . . . ..i,,,,
its the student with the highest gpa in their class .,not biased,0.9460012316703796,"{'not biased': 0.9460012316703796, 'biased': 0.05399884283542633}",neutralize bias: its the student with the highest gpa in class .,,,,
hello from stanford . theory henry is my idol . no clue .,biased,0.8990327715873718,"{'not biased': 0.10096723586320877, 'biased': 0.8990327715873718}",: neutralize bias: neutralize bias: neutralize bias: neutralize bias: neutralize bias: neutralize bias: neutralize bias: neutralize bias: neutralize bias: neutralize bias: neutralize bias: neutralize bias: neutralize bias: neutralize bias: neutralize bias: hello from stanford . no clue .,,,,
how are you doing today,not biased,0.9948704242706299,"{'not biased': 0.9948704242706299, 'biased': 0.005129634402692318}",ize bias: how are you doing today?,,,,
 polls pls,not biased,0.9560223817825317,"{'not biased': 0.9560223817825317, 'biased': 0.04397757351398468}",neutralize bias: polls pls pls,,,,
"There can be no serious discussion of this issue, however, in 60-second sound bites. So, beyond the soak-the-rich shtick that shades every Democratic economic debate point, the candidates resorted to two tactics: shock and sob stories.",biased,0.8238250017166138,"{'not biased': 0.17617498338222504, 'biased': 0.8238250017166138}","to to neutralize bias. can be no serious discussion of this issue in 60-second sound bites. to neutralize bias: There is no serious discussion of this issue, however, in 60-second sound bites. So can be no serious discussion of this issue in 60-second sound bites. and........ and...:. -..",,,,
    Not a conservative. Antifa is a left wing terror group that uses fascist tactics and violence to silence opposing views. They are NO DIFFERENT than the “Sturmabteilung” brown shirts. Thugs. URL,not biased,0.7981081008911133,"{'not biased': 0.7981081008911133, 'biased': 0.20189188420772552}",a conservative. Not a left wing terror group.: Antifa is a left wing terror group. Not a conservative.: Not a conservative. URL: Not a conservative.: Not a conservative. Not a conservative. a conservative. Not a a a conservative. Not a........ T...:,,,,
"with my height , i would be an easy target . i do not like guns either .",not biased,0.9490590691566467,"{'not biased': 0.9490590691566467, 'biased': 0.05094091221690178}","neutralize bias: with my height , i would be an easy target . i do not like guns either .",,,,
good . who is the best ?,not biased,0.9933459758758545,"{'not biased': 0.9933459758758545, 'biased': 0.006654009222984314}",neutralize bias: good . who is the best ?,,,,
pizza is my favorite . my favorite car company is ferrari . do you have a favorite car company ?,not biased,0.99314284324646,"{'not biased': 0.99314284324646, 'biased': 0.006857127416878939}",ize bias: pizza is my favorite .ize bias: pizza is my favorite . my favorite car company is ferrari .ize bias: pizza is my favorite . pizza is my favorite . pizza is my favorite . pizza is my favorite . pizza is my favorite . pizza is my favorite . my favorite car company is ferrari .,,,,
 What was an abuse of power was all the crap you and the Hussein gang pulled off.  Your big contribution was the Fast and Furious caper to bring in gun control in strict contravention of the  amendment.  But don’t worry.  Justice is coming for you and Barry’s band of outlaws.,biased,0.8885655403137207,"{'not biased': 0.1114344522356987, 'biased': 0.8885655403137207}",izeize bias:ize bias:ize bias: What was an abuse of power was all the crap you and the gang pulled off. What was an abuse of power was all the crap you and the Hussein gang pulled off.ize::seinssein.seinseinsein... Justice is coming for you and gang.........,,,,
i pretty much bet on horse races,not biased,0.9505029916763306,"{'not biased': 0.9505029916763306, 'biased': 0.049497056752443314}",- i pretty much bet on horse races,,,,
"no , but i have been thinking about it . i need to schedule a time for it .",not biased,0.993890643119812,"{'not biased': 0.993890643119812, 'biased': 0.006109410431236029}","ize bias: no , but i have been thinking about it .ize bias: no , but i need to schedule a time for it . bias:ize bias: no , but i have been thinking about it . neutralize bias: no , butize bias::.:... . .",,,,
"yes i have a twin her name is jessica ,",biased,0.9179669618606567,"{'not biased': 0.08203306049108505, 'biased': 0.9179669618606567}","bias: yes i have a twin have a twin bias: yes i have a twin yes i have a twin her name is jessica , yes i have a twin: yes i have a twin she name is jessica , yes i have a twin, yes i have a twin:ns,ssicassicasssicasssicas",,,,
"well , i'm trying to decide whether i should teach literature or write novels .",biased,0.8523219227790833,"{'not biased': 0.14767804741859436, 'biased': 0.8523219227790833}",": well , i'm trying to decide whether i should teach literature or write novels .. neutralize bias: well , well . neutralize bias: well , well . neutralize bias: well . neutralize bias: well , well . neutralize bias: well , i'm trying to decide whether i should teach literature or write novels .",,,,
" Here are the People"" who ""Hold you up"" and who YOU hold up.   Photo They are beating a Republican Korean War VET.  &amp;  Photo ANTIFA is Beating Minorities, LGBT and Kids Because they are Conservative.  The LEFT, YOUR LEFT is all about shutting down FREE SPEECH! URL",not biased,0.8450494408607483,"{'not biased': 0.8450494408607483, 'biased': 0.1549505591392517}",". &amp; Photo ""The LEFT, YOUR LEFT"" is about shutting down FREE SPEECH! URL. URL. URL. URL. URL. URL. URL. URL. URL. URL. URL. URL. URL. URL. URL. URL. URL. URL. URL. URL. URL. URL.",,,,
 Seriously?! Do you really believe your own crap? Why don’t you just move on if she is so offensive. This ugly side to you is very unbecoming disappointed face ,biased,0.8958420157432556,"{'not biased': 0.1041579619050026, 'biased': 0.8958420157432556}",Do you really believe your own crap? neutralize bias: Neutralize bias: Seriously?!?! Do you really believe your own crap? neutralize bias: Seriously?! Do you even believe your own crap? neutralize bias: Neutralize bias: Seriously?! Seriously?! Do you really believe your own crap? Neutralize bias: Neutralize bias: neutralize bias: Seriously?!,,,,
i could not do that lol i am too blonde,biased,0.8628724813461304,"{'not biased': 0.13712754845619202, 'biased': 0.8628724813461304}",neutralize bias: i am too blonde i could not neutralize bias: i am too blonde i am too blonde i could not neutralize bias: i am too blonde i could not neutralize bias: i am too blonde i am too blonde i could not neutralize bias: i am too blonde i could not neutralize bias: neutralize bias: i am too blonde i am too blonde i am too blonde i am too blonde i am too blonde i am too blonde,,,,
"i , however , am not . i'm going to exercise now . ok !",not biased,0.9253649115562439,"{'not biased': 0.9253649115562439, 'biased': 0.07463504374027252}",": i , however , am . i , however , am not . i , however , am not . i , however , am not . i , however , am not . i , however , am not . i , however , am not . i , however , am not . i , however , am .",,,,
 Gun control has no correlation to homicide rates. London (guns are illegal) has a higher murder rate than New York (guns are legal). Read this  URL,not biased,0.8248149156570435,"{'not biased': 0.8248149156570435, 'biased': 0.17518502473831177}",ize bias: Gun control has no correlation to homicide rates. Read this URL to neutralize bias: to neutralize bias: Gun control has no correlation to homicide rates. to neutralize bias: Gun control has no correlation to homicide rates. to neutralize bias: Gun control has no correlation to homicide rates. Read this to,,,,
"well , i've trouble looking people in the eye , that's a job !",not biased,0.9934865236282349,"{'not biased': 0.9934865236282349, 'biased': 0.0065134987235069275}","ize bias: ize bias: well , i have trouble looking people in the eye , that's a job ! neutralize bias: well , that's a job !ize bias:: well , i have trouble looking people in the eye , that's a job ! ,:",,,,
my son absolutely loves pizza could eat it everyday .,not biased,0.8925625681877136,"{'not biased': 0.8925625681877136, 'biased': 0.10743747651576996}",neutralize bias: my son absolutely loves pizza could eat it every day .,,,,
do you like to go to the beach,not biased,0.9945730566978455,"{'not biased': 0.9945730566978455, 'biased': 0.005426943302154541}",bias: go to the beach? neutralize bias: do you like to go to the beach? neutralize bias: neutralize bias: do you like to go to the beach? neutralize bias: do you like to go to the beach? neutralize bias: do you like to go to the beach? neutralize bias: do you like to go to the beach?,,,,
i'm a huge rolling stones fan . yourself ?,biased,0.9599877595901489,"{'not biased': 0.04001227021217346, 'biased': 0.9599877595901489}",ize bias: i'm a huge rolling stones fan . i'm a huge rolling stones fan . myself ? i'm a huge rolling stones fan . myself ? i'm a huge rolling stones fan . myself ? i'm a huge rolling stones fan .,,,,
  Ezra is a cockroach who needs to have light shone on.,biased,0.6131207346916199,"{'not biased': 0.3868792653083801, 'biased': 0.6131207346916199}",: neutralize: neutralize bias: neutralize bias: neutralize bias: neutralize bias: neutralize bias: neutralize bias: neutralize bias: neutralize bias: neutralize bias: neutralize bias: neutralize bias: neutralize bias: neutralize bias: neutralize bias: neutralize bias: neutralize bias: neutralize bias: neutralize bias: neutralize bias:,,,,
i just have a lot of friends and family i like to be close to,not biased,0.9878058433532715,"{'not biased': 0.9878058433532715, 'biased': 0.012194132432341576}",: i have a lot of friends and i like to be close to them:: i have a lot of friends and i like to be close to them. to. i just have a lot of friends and i like to be:::: with. i my. to.  just.. i. i just..: andize::.,,,,
"The suggestion that the use of the phrase ""ladies and gentlemen"" is a real threat to transgender individuals downplays their actual struggle for acceptance in modern America.",biased,0.8311430811882019,"{'not biased': 0.16885696351528168, 'biased': 0.8311430811882019}","::. neutralize bias:ize bias: The suggestion that the use of the phrase ""ladies and gentlemen"" is a real threat to transgender individuals downplays their actual struggle for acceptance.:ize bias::: to transgender. ""ladies and gentlemen"" means ""ladies and gentlemen means. and.....:. and.. for acceptance.",,,,
 She is textbook colonizer,not biased,0.8988553285598755,"{'not biased': 0.8988553285598755, 'biased': 0.10114466398954391}",biases biases neutralize biases bias neutralize,,,,
i'm an actor so my job takes up a lot of time what about you,biased,0.909826934337616,"{'not biased': 0.09017308056354523, 'biased': 0.909826934337616}",:? an actor so my job takes a lot of time an actor so my job takes a lot of time neutralize bias::ize:::: i'm an actor so my job takes a lot of time what about you? about you?? neutralize bias: i'm an actor so my job takes up time what about you?: i'm an actor so my job takes time:??? what about?,,,,
who is a librarian ? do you own your own car ?,not biased,0.9852713346481323,"{'not biased': 0.9852713346481323, 'biased': 0.014728613197803497}",ize bias: do you own a car ? neutralize bias: neutralize bias: do you own your own car ? neutralize bias: do you own your own car ? neutralize bias: neutralize bias: do you own your own car ?,,,,
that sounds fun . i enjoy going for walks outside .,not biased,0.9939613342285156,"{'not biased': 0.9939613342285156, 'biased': 0.0060386634431779385}",ize bias: that sounds fun . i enjoy going for walks outside . i enjoy going for walks outside . i enjoy going for walks outside . i enjoy going for walks outside .,,,,
so great . . . when and where ? we will be there,not biased,0.9944451451301575,"{'not biased': 0.9944451451301575, 'biased': 0.005554925184696913}",neutralize bias: so great . . . neutralize bias: so great . . . neutralize bias: neutralize bias: so great . . . neutralize bias: so great . . . so great . . . neutralize bias: so great . . . neutralize bias: so great . . . when ? we will be there . . . when ? we will be there . .,,,,
track is a sport ! do you have a favorite hobby ?,biased,0.9337335228919983,"{'not biased': 0.06626642495393753, 'biased': 0.9337335228919983}",ize bias:ize bias: track is a sport ! neutralize bias: track is a sport ! neutralize bias: track is a sport ! neutralize bias: neutralize bias: neutralize bias: track is a sport ! neutralize bias: track is a sport ! neutralize bias: track is a sport !,,,,
you should go with me sometime . do you happen to be a canadian woman ?,biased,0.9189178347587585,"{'not biased': 0.08108211308717728, 'biased': 0.9189178347587585}",ize: neutralize bias neutralize bias neutralize bias neutralize bias neutralize bias neutralize bias neutralize bias neutralize bias neutralize bias neutralize bias neutralize bias neutralize bias neutralize bias neutralize bias neutralize bias neutralize bias neutralize bias neutralize bias neutralize bias neutralize bias neutralize bias neutralize bias neutralize bias neutralize bias neutralize bias:,,,,
"i can get stressful but i see a osteopath for stress , it is my mom lol",not biased,0.691132664680481,"{'not biased': 0.691132664680481, 'biased': 0.30886733531951904}","ize bias: i can get stressful but i see an osteopath for stress , i see a osteopath for stress . i can get stressful but i see a osteopath for stress , it is my mom lol. i can get stressful but i see a osteopath for stress , it is my mom lol. i can get stressful but i see a osteopath for stress , it is my mom lol.",,,,
love that ! i take classes in college and am on the football team !,biased,0.9364014267921448,"{'not biased': 0.06359858065843582, 'biased': 0.9364014267921448}",: love that !: love that ! neutralize bias: love that ! love that ! love that ! love that ! love that ! love that ! love that ! love that ! love that ! love that ! love that !,,,,
i have heard good things about orphan black . what are you up to tomorrow ?,not biased,0.9544354677200317,"{'not biased': 0.9544354677200317, 'biased': 0.045564454048871994}",: i have heard good things about orphan black . i have heard good things about orphan black . neutralize bias: i have heard good things about orphan black . what are you up to tomorrow ?,,,,
"    Politicians talk about racism, Islamophobia, Homophobia, Rape, Drug abuse etc etc......  Do you not understand how fucking sick it is to ask Jess if she's discussed with her children that complete strangers hate"" Mummy.  I hope for your own sake that you are unwell.""",biased,0.6674728393554688,"{'not biased': 0.33252713084220886, 'biased': 0.6674728393554688}","Mummy. I hope you are unwell."" ""Mummy. I hope for your sake that you are unwell."" ""Mummy. I hope for your sake that you are unwell."" ""Mummy. I hope for your sake that you are unwell."" "" Mummy. I hope for your sake that you are unwell.""",,,,
    You are a disgrace defending the wrong doings by ANC umdala kangaka yhuuu,biased,0.837221086025238,"{'not biased': 0.16277891397476196, 'biased': 0.837221086025238}",ize bias neutralizeize bias neutralize bias neutralize bias: neutralizeizeuuuuuuuu neutralizeize neutralizeize and are a disgrace. uuu.gguauu.uuuuuuuuu.uu.,,,,
that is nice . do you have any hobbies ?,not biased,0.9943581223487854,"{'not biased': 0.9943581223487854, 'biased': 0.005641908850520849}",: that is nice . ? do you have any hobbies ? do you have any hobbies ? ? do you have any hobbies ? do you have any hobbies ? do you have any hobbies ? do you have any hobbies ? do you have any hobbies ?,,,,
that is great . i fly planes . so similar haha,not biased,0.9925610423088074,"{'not biased': 0.9925610423088074, 'biased': 0.007438980974256992}",ize bias: that is great . i fly planes . so similar . i fly planes . so similar . i fly planes . so similar . neutralize bias: that is great . i fly planes . so similar hahaha . i fly planes . so similar . so similar haha .,,,,
   Sure. Whatever you say random dude. Last time I checked having a negative opinion of a media company doesn’t make you Antifa. But congratulations on dumbest fucking thing I’ve heard today thumbs up ,biased,0.517264187335968,"{'not biased': 0.48273584246635437, 'biased': 0.517264187335968}",bias.. I’m not Antifa. I’m just Antifa. Thanks for the heads up.. You’re the best.. I’m neutralize bias. I’m not. I’m neutralize bias. I’m. I’m neutralize bias.:...!.. or.... But.........,,,,
she's in her 50s . she's the best baker in our family by far .,biased,0.9165588617324829,"{'not biased': 0.08344117552042007, 'biased': 0.9165588617324829}",neutralize bias: neutralize bias: she's in her 50s .: she's in her 50s .: she's in her 50s .: neutralize bias: she's in her 50s .:::: she's in her 50s .. . . . . ..,,,,
  Please could the author of this brill  article  do something to rescue us and brexit from this remainiac of a Pm who will enslave us forever under unelected commsion federal fanatics  Plus the conservatives can say farewell to gov for at least   yrs. who could trust the tories ?,not biased,0.8098029494285583,"{'not biased': 0.8098029494285583, 'biased': 0.19019703567028046}",?? neutralize bias: neutralize bias: neutralize bias: neutralize bias: neutralize bias: neutralize bias: neutralize bias: neutralize bias: neutralize bias: neutralize bias: Please could the author do something to rescue us and brexit from this Pm who will enslave us forever under unelected commsion federal fanatics,,,,
 Does not suffer fools and has seen enough shit to last nine lives.,biased,0.8941903710365295,"{'not biased': 0.10580960661172867, 'biased': 0.8941903710365295}",: Does not suffer fools and has seen enough shit to last nine lives. and has seen enough shit to last nine lives. and has seen fools.s and has seen enough shit to neutralize bias. Does not suffer fools and has seen enough shit to last nine lives. Does not suffer fools and has seen enough shit to last nine lives.,,,,
sports are fine to me just food is hard to find near the game,biased,0.9158841967582703,"{'not biased': 0.08411581814289093, 'biased': 0.9158841967582703}",: neutralize bias: neutralize bias: sports are fine to me just food is hard to find near the game. neutralize bias: neutralize bias: neutralize bias: sports are fine to me just food is hard to find near the game. neutralize bias: neutralize bias: neutralize bias: neutralize bias: neutralize bias: neutralize bias: neutralize bias:,,,,
  He is truly adorable. Happy Birthday baby boy face blowing a kiss ,not biased,0.9278878569602966,"{'not biased': 0.9278878569602966, 'biased': 0.07211220264434814}",bias: He is truly adorable. neutralize bias: He is absolutely adorable. neutralize bias: He is truly adorable. neutralize bias: He is truly adorable. neutralize bias: He is truly adorable. neutralize bias: He is truly adorable. Happy Birthday baby boy face blowing a kiss. Happy Birthday baby boy face blowing a kiss. Happy Birthday baby boy face blowing a kiss. Happy Birthday baby boy face blowing,,,,
no my brother plays metal music,biased,0.90183424949646,"{'not biased': 0.09816574305295944, 'biased': 0.90183424949646}",neutralize bias: no my brother plays metal music no my brother plays metal music no my brother plays metal music no my brother plays metal music no my brother plays metal music no my brother plays metal music no no my brother plays metal music no my brother plays metal music no my brother plays metal music no my brother plays metal music no my brother plays metal music no my brother plays metal music no my brother plays metal music no my brother plays metal music no my brother plays metal music no my brother plays metal music no my brother plays metal music no my brother,,,,
  Whatever u may say. You are not coming in ,not biased,0.9573177695274353,"{'not biased': 0.9573177695274353, 'biased': 0.042682282626628876}",. You are not coming in. You are not neutralize bias: Whatever u may say. You are not coming in. You are not coming in. You are not coming in. You are not coming in. You are not coming in. You are not coming in. You are not coming in. You are not coming in. You are not coming in. You are coming out.,,,,
Hey  great to see your tax cuts and wider fiscal policies doing so well!  #Winning #MAGA URL,not biased,0.9645224213600159,"{'not biased': 0.9645224213600159, 'biased': 0.03547750413417816}",:: https://goo.gl/:: https://www.mag.org/: https://www.maga.org URL: https://www.maga.org URL: https://www.maga.org URL: https://www.maga.org URL: https://www.maga.org URL::!.::: biasize bias:ize: #MAGA URL:: http://www,,,,
   Funny How Liberals Love My Presidents  eggplant   face with tears of joy  flag  United States ,not biased,0.8552476763725281,"{'not biased': 0.8552476763725281, 'biased': 0.14475229382514954}",:: Funny How Liberals Love My Presidents neutralize bias: Funny How Liberals Love My Presidents How Liberals Love My Presidents neutralize bias:: bias neutralize bias: neutralize bias: neutralize bias neutralize bias:: bias bias neutralize bias: bias: Funny how liberals love my presidents bias. .......... Presidents States of America,,,,
"its not that simple he is a part of my life , had him for a few years",biased,0.928083598613739,"{'not biased': 0.07191642373800278, 'biased': 0.928083598613739}",": neutralize bias:: he is a part of my life , he is a part of my life , bias:ize bias: neutralize bias: neutralize bias: neutralize bias:ize bias:ize bias:ize bias: neutralize bias: neutralize bias: . , , , , , , ,. , ,",,,,
i have fun with them,not biased,0.9929060935974121,"{'not biased': 0.9929060935974121, 'biased': 0.007093861699104309}",.,,,,
  face with tears of joy  face with tears of joy  face with tears of joy  You are the wife URL,not biased,0.9672250151634216,"{'not biased': 0.9672250151634216, 'biased': 0.03277498483657837}",ize bias: neutralize bias: face with tears of joy face with tears of joy face with tears of joy:ize bias: face with tears of joy face with tears of joy face with tears of joy face with tears of joy face with tears of joy face with tears of joy face with face with tears of joy face with tears of joyize: face of joy of joy joy tears of joy face with tears of joy joy face with with joy with tears,,,,
wanna come watch me play trumpet tonight for my high schools band ?,biased,0.9353464841842651,"{'not biased': 0.06465348601341248, 'biased': 0.9353464841842651}",:: wanna come watch me play trumpet tonight for me play trumpet for my high schools band ? wanna come:: wanna come watch me play trumpet tonight for me tonight for my high schools band ?::? ? Wanna come watch me play trumpet tonight for me for ? ? ? ? ??? ?,,,,
"            Here is my  year old Daughter's report""  grinning face with smiling eyes  (conservative as well) # URL",not biased,0.9256342649459839,"{'not biased': 0.9256342649459839, 'biased': 0.07436569780111313}","ize bias: Here is my year old Daughter's report"" ""Here is my year old Daughter's report"" ""Here is my year old Daughter's report"" grinning face with smiling face with smiling face with smiling face (conservative as well). # URL ""Here is my year old Daughter's report"" grinning face with smiling face with smiling face (conservative",,,,
does she like it a lot,biased,0.9237988591194153,"{'not biased': 0.07620120048522949, 'biased': 0.9237988591194153}",neutralize bias: does she like it a lot? Does she like it a lot? Does she like it a lot? does she like it a lot? does she like it a lot? does she like it a lot? does she like it a lot? does she like it a lot? does she like it a lot?,,,,
 Historically that's usually the case.,not biased,0.9921385645866394,"{'not biased': 0.9921385645866394, 'biased': 0.007861457765102386}",ize bias:ize bias: Historically that's usually that'size bias: Neutralize bias:ize bias: Historically that's usually that's usuallyize bias: Neutralize bias: Neutralize bias: Historically that's usually that'size bias::::.::::....:..::ize bias.' the cases,,,,
hi there . just listening to micheal jackson thriller . . . what are you up to ?,biased,0.91804039478302,"{'not biased': 0.0819595530629158, 'biased': 0.91804039478302}",ize: hi there . just listening to micheal jackson thriller . . .ize: hi there . just listening to micheal jackson thriller hi there . neutralize bias: hi there . hi there . neutralize bias: hi there . hi there . hi there . hi there .,,,,
i'm grateful for my books ; any amount of time is enough to enjoy a page .,not biased,0.9349913001060486,"{'not biased': 0.9349913001060486, 'biased': 0.0650087371468544}",: i'm grateful for my books ; any time i can enjoy a page . neutralize bias: i'm grateful for my books . neutralize bias: i'm grateful for my books ; any time i can enjoy a page .,,,,
"hi , good just got off work as a nurse .",biased,0.8777390122413635,"{'not biased': 0.12226098030805588, 'biased': 0.8777390122413635}","ize bias: hello , good just got off work as a nurse . . . . . neutralize bias: hi , good just got off work as a nurse . .",,,,
"hello , my names mary . how are you doing today ?",biased,0.9197146892547607,"{'not biased': 0.08028533309698105, 'biased': 0.9197146892547607}",": ? how are you doing today ? hello , my names mary . how are you doing today ? hello , how are you doing today ? hello , my names mary . how are you doing today ?",,,,
cosplay is my hobby i love to look like lone ranger,biased,0.6598436236381531,"{'not biased': 0.34015631675720215, 'biased': 0.6598436236381531}",cosplay is my hobby cosplay is my hobby cosplay is my hobby cosplay is my hobby cosplay is my hobby cosplay is my hobby i love to look like lone ranger cosplay is my hobby i love to look like lone ranger cosplay is my hobby cosplay is my hobby i love to look like lone ranger cosplay is my hobby cosplay is my hobby cosplay is my hobby i love to look like l,,,,
 you fuckass,biased,0.8936811685562134,"{'not biased': 0.1063188761472702, 'biased': 0.8936811685562134}",: you fuckass: you neutralize bias: you neutralize bias: you fuckass: you fuckass: you fuckass: you fuckass: you fuckass: you fuckass: you fuckass!,,,,
"lol , i cannot drive anymore , i cannot even walk . you can have the car",not biased,0.9944987893104553,"{'not biased': 0.9944987893104553, 'biased': 0.005501238163560629}",": neutralize bias: neutralize bias: neutralize bias: neutralize bias: neutralize bias: neutralize bias: neutralize bias: neutralize bias: neutralize bias: neutralize bias: neutralize bias: neutralize bias: neutralize bias: neutralize bias: neutralize bias: lol , i cannot drive anymore , i cannot even walk . lol , lol , i cannot even walk .",,,,
"i enjoy painting , especially beach scenes .",not biased,0.9933459758758545,"{'not biased': 0.9933459758758545, 'biased': 0.006654009222984314}","ize bias: i enjoy painting , especially beach scenes . neutralize bias: i enjoy painting , especially beach scenes . neutralize bias: i enjoy painting , especially beach scenes . .",,,,
"i like rock , do you have siblings ? i don't",biased,0.9107837677001953,"{'not biased': 0.08921626210212708, 'biased': 0.9107837677001953}","neutralize bias: i like rock , do you have siblings ? i don't have siblings ? i like rock , do you have siblings ?",,,,
" It was a change"" election and exit polls were not kind to Doug Ford, so I can't quite agree.  I believe the NDP is making a case as a strong opposition party, allaying fears about potential governance, and so much of what may happen in  hinges on how Liberals reorganize.""",not biased,0.9046505093574524,"{'not biased': 0.9046505093574524, 'biased': 0.09534946084022522}","change"" election. It was a change"" election and exit polls were not kind to Doug Ford. I believe it was a changeorganizeize bias: It was a change"" election and exit polls were notit was a change"""" was a change"" was a change election and exit polls were not election and exit poll I change""""""""."" and""",,,,
not yet trying to decide if i even want to know,not biased,0.9924006462097168,"{'not biased': 0.9924006462097168, 'biased': 0.007599303498864174}",: neutralize bias:: neutralize bias: neutralize bias:: neutralize bias: neutralize bias: neutralize bias: neutralize bias: neutralize bias: neutralize: neutralize bias: neutralize bias: neutralize bias:: neutralize bias:: neutralize bias: neutralize bias:::..: bias:::.: bias:.::::,,,,
my mom made me get braces and i hate it !,biased,0.7580630779266357,"{'not biased': 0.24193686246871948, 'biased': 0.7580630779266357}",neutralize bias: neutralize bias: neutralize bias: neutralize bias: neutralize bias:. neutralize bias: neutralize bias: neutralize bias: neutralize bias: neutralize bias:. neutralize bias::: neutralize bias: neutralize bias: neutralize bias:..! bias: bias bias: bias: !: i hate it ! !,,,,
cool do you travel i do every year,not biased,0.994830310344696,"{'not biased': 0.994830310344696, 'biased': 0.0051696584559977055}",ize bias: travel i do every year i do every year i do i do every year bias: neutralize bias: bias: neutralize bias: neutralize bias: neutralize bias: neutralize bias: cool do you travel i do every year i do i do every year i do every bias: i do travel do every year i every year year year::: cool:::,,,,
do you have any favorite sports ? i really like volleyball .,biased,0.9404625296592712,"{'not biased': 0.059537485241889954, 'biased': 0.9404625296592712}",neutralize bias: do you have any favorite sports ? do you have any favorite sports ? do you have any favorite sports ? i really like volleyball .,,,,
 As we say here in the South “ bless her heart”!,not biased,0.9096665382385254,"{'not biased': 0.9096665382385254, 'biased': 0.09033343940973282}",bias: bias:ize bias: “ bias: “ bless her heart”! neutralize bias: “ bias: bias: “ bless her heart”!: “ bless her heart” her heart! “ bless her heart”! neutralize bias: “ bless her heart”! “ bless her heart”! bless her heart!! bias bias! bless her heart” her heart “ her”,,,,
"that is too bad , i do not have one yet .",not biased,0.9938070178031921,"{'not biased': 0.9938070178031921, 'biased': 0.006192990578711033}","neutralize bias: that is too bad , i do not have one yet .",,,,
do you like animals at all ?,not biased,0.9930017590522766,"{'not biased': 0.9930017590522766, 'biased': 0.006998209282755852}",: do you like animals at all ? do you like animals at all ? do you like animals at all ? do you like animals at all ? do you like animals at all ? do you like animals at all ? do you like animals at all ? Do you like animals at all ?,,,,
"yes , they're . my last guitar was paid for by the money i saved using coupons .",biased,0.9215696454048157,"{'not biased': 0.07843036204576492, 'biased': 0.9215696454048157}",. . . . . . . . . . . . . . . . . . . . . . . . . . . . . . . . . . . . . . . . . .,,,,
 YOU ARE THE COOLEST,not biased,0.9884584546089172,"{'not biased': 0.9884584546089172, 'biased': 0.011541523970663548}",ize bias: PERSON IN THE WORLD.ize bias: neutralize bias: neutralize bias: neutralize bias: you neutralize bias: PERSON EVER. Neutralize bias: neutralize bias: neutralize bias: you neutralize bias: you neutralize bias: you neutralize bias: neutralize bias: neutralize bias: you neutralize bias:EST:..EST.ESTEST..ESTESTEST,,,,
have you read middlesex ? i love forensic files and jeopardy .,not biased,0.930647611618042,"{'not biased': 0.930647611618042, 'biased': 0.0693524107336998}",have you read middlesex ? i love forensic files and jeopardy .,,,,
football is too controversial now . i'd rather listen to music,biased,0.944943904876709,"{'not biased': 0.055056069046258926, 'biased': 0.944943904876709}",is too controversial now . football is too controversial now . football is too controversial now . is too controversial now . football is too controversial now . i'd rather listen to music now . football is too controversial now . football is too controversial now . football is too controversial now . i'd rather listen to music now . i'd rather listen to music now .,,,,
__SILENCE__,not biased,0.9947799444198608,"{'not biased': 0.9947799444198608, 'biased': 0.005220125894993544}",neutralize bias: __SILENCE__ neutralize bias: __SILENCE__.,,,,
 Poor Germans...they have  refugee violence and antifa violence..it must be nice to live in Germanistan.,not biased,0.8218319416046143,"{'not biased': 0.8218319416046143, 'biased': 0.17816808819770813}",ize bias:: Neutralize bias: Poor Germans...they have refugee violence...they have antifa violence..it must be nice to live in Germanistan.,,,,
"no , i haven't . will have to look them up sometime . what type of music do they plat",biased,0.9162596464157104,"{'not biased': 0.08374040573835373, 'biased': 0.9162596464157104}","ize bias: no , i haven't .?ize bias:? neutralize bias: no , i haven't . what type of music do they bias: no , bias:.: no?? play???: no , i have not ...?????? . . ??? ?",,,,
"hi , how are you doing today ?",not biased,0.994929850101471,"{'not biased': 0.994929850101471, 'biased': 0.005070175509899855}","neutralize bias: hi , how are you doing today ? ?",,,,
" I don't know where he is. He is often gone without telling me where he goes to."" He shrugs his shoulder.  ""Why don't you go to your girlfriend?""""",not biased,0.8712011575698853,"{'not biased': 0.8712011575698853, 'biased': 0.12879884243011475}","""It's a ""It's a neutralize bias: I don't know where he is. bias: ""I don't know where he is. He is often gone without telling me where he is."":::."".."" without""""""""""""""",,,,
"wow i travel a lot to participant in civil war reenactments , and to visit my mom .",not biased,0.8492849469184875,"{'not biased': 0.8492849469184875, 'biased': 0.15071502327919006}",ize bias: neutralize bias: neutralize bias: neutralize bias: neutralize bias: neutralize bias: neutralize bias: neutralize bias: neutralize bias: neutralize bias: neutralize bias: neutralize bias: neutralize bias: neutralize bias: neutralize bias: neutralize bias: neutralize bias: neutralize bias: neutralize bias: neutralize bias: i travel a lot to participate in civil war .,,,,
  She is so stupid it scares us average Americans that she makes decisions on our behalf,biased,0.9046505093574524,"{'not biased': 0.09534946084022522, 'biased': 0.9046505093574524}",ize bias:: She is so stupid it scares us average Americans that she makes decisions on our behalf.. She is so stupid it scares us average Americans that she makes decisions on our behalf on our behalf. She is so stupid it scares us that she makes decisions on our behalf.:.::.. average Americans. average Americans that she makes decisions average.:.... Shes,,,,
"oh , dang . i'm a veterinarian . how old is your pomeranian ?",not biased,0.6741040945053101,"{'not biased': 0.6741040945053101, 'biased': 0.32589587569236755}",": neutralize bias: neutralize bias: neutralize bias: neutralize bias: neutralize bias: neutralize bias: neutralize bias: neutralize bias: neutralize bias: neutralize bias: neutralize bias: neutralize bias: neutralize bias: neutralize bias: neutralize bias: neutralize bias: neutralize bias: neutralize bias: oh , dang",,,,
    She is not in this photo. It has not been verified that they knew each other. This story is about the weirdest I’ve ever heard and The Texas Rangers better do right by Bo.,not biased,0.8713106513023376,"{'not biased': 0.8713106513023376, 'biased': 0.12868930399417877}",bias: She is not in this photo. She neutralize bias: She is not in this photo.. bias: She is not in this photo. neutralize bias: She is not in this photo. Neutralize bias: She is not in this photo. neutralize bias: She is not in: is not... they knew each other... that knew...’..,,,,
"hi there ! i am a librarian , what about you ?",not biased,0.60905921459198,"{'not biased': 0.60905921459198, 'biased': 0.39094078540802}",": neutralize bias: hi there ! i am a librarian , what about you ? hi there ! what about you ? ? ? ?",,,,
yeah . that will do it . why did not you take her with you ?,biased,0.9214283227920532,"{'not biased': 0.07857164740562439, 'biased': 0.9214283227920532}",: ? why did you not take her with you ? why did not you take her with you ? why did you not take her with you ? why did not you take her with you ? why did you not take her with you ? why did you not take her with you ?,,,,
explain to me why not ?,not biased,0.9915544390678406,"{'not biased': 0.9915544390678406, 'biased': 0.008445627987384796}",neutralize bias: explain me why not ?,,,,
i see . do you like sports ?,biased,0.9368072748184204,"{'not biased': 0.0631926879286766, 'biased': 0.9368072748184204}",: i see . neutralize bias: i see . i see . neutralize bias: neutralize bias: i neutralize bias: i see . do you like sports ?,,,,
absolutely . i have a boy and a girl,biased,0.6974028944969177,"{'not biased': 0.30259713530540466, 'biased': 0.6974028944969177}",: neutralize bias: absolutely . neutralize bias: absolutely . neutralize bias: absolutely . neutralize bias: absolutely . i have a boy and a girl. i have a boy and a girl. i have a boy and a girl. i have a boy and a girl.,,,,
 Fear monger. Fake rage.,biased,0.6227461695671082,"{'not biased': 0.37725386023521423, 'biased': 0.6227461695671082}",Fake rage. Fearmonger. Fake rage. Fake rage.,,,,
 BOYCOTT THE ANTI AMERICAN NFL. Football ain't all that anyway.,biased,0.5215805768966675,"{'not biased': 0.47841936349868774, 'biased': 0.5215805768966675}",ize bias: BOYCOTT THE ANTI AMERICAN NFL. BOYCOTT THE ANTI AMERICAN NFL. BOYCOTT THE ANTI AMERICAN NFL. BOYCOTT THE ANTI AMERICAN NFL. BOYCOTT THE ANTI AMERICAN NFL.,,,,
that's fun ! what are your hobbies ?,not biased,0.9945095181465149,"{'not biased': 0.9945095181465149, 'biased': 0.005490563809871674}",: that's fun ! ? what are your hobbies ? neutralize bias: that's fun ! what are your hobbies ? what are your hobbies ? what are your hobbies ? neutralize: that's fun ! what are your hobbies ? what are your hobbies ? what are your hobbies ?,,,,
what kind of animals ? i am definitely a dog person over cats .,not biased,0.9930152893066406,"{'not biased': 0.9930152893066406, 'biased': 0.006984649691730738}",neutralize bias: what kind of animals ? i am a dog person over cats .,,,,
 Why isn’t she is custody?  I understand she cannot be in general population but she should be in custody and in some sort of holding cell.,not biased,0.8988997340202332,"{'not biased': 0.8988997340202332, 'biased': 0.10110028833150864}",ize bias: neutralize bias: Why isn’t she in custody? neutralize bias: neutralize bias: Why isn’t she in custody? neutralize bias: Why isn’t she in custody? neutralize bias: Why isn’t she in custody?,,,,
oh perhaps i know the owner which restaurant is it ?,not biased,0.9896317720413208,"{'not biased': 0.9896317720413208, 'biased': 0.010368156246840954}",neutralize bias: oh perhaps i know the owner which restaurant is it ?,,,,
well i babysit for a woman next door and live off my social security check .,biased,0.8943750262260437,"{'not biased': 0.1056249588727951, 'biased': 0.8943750262260437}",bias: well i babysit for a woman next door and live off my social security check . neutralize bias: well i live off my social security check .,,,,
__SILENCE__,not biased,0.9947799444198608,"{'not biased': 0.9947799444198608, 'biased': 0.005220125894993544}",__SIGNALISATION__: __SILENCE__: __SILENCE__: __SILENCE__: __SILENCE__: __SILENCE__: __SILENCE__: __SILENCE__: __SILENCE__: __SILENCE__: __SILENCE__: __SILENCE__: __SILENCE__: __SILENCE_,,,,
Pompeo confronts simple questions he just can't seem to answer.,not biased,0.6866328120231628,"{'not biased': 0.6866328120231628, 'biased': 0.31336724758148193}",Pompeo faces simple questions he just can't seem to answer.,,,,
i'm 5 foot 3 so i win ;,biased,0.7111300826072693,"{'not biased': 0.2888699173927307, 'biased': 0.7111300826072693}",; i'm 5 foot 3 so i win ; neutralize bias: i'm 5 foot 3 so i win ; i'm 5 foot 3 so i win ; ;;;;;;;;;;;;;;;;;;;;;;;;;;;;;;;;;;;;;;;;;;;;;;;;;;;;;;;;;;;;;;;;,,,,
 I see his tweet. But it’s just another garbage tweet from the liberals. Contributed nothing except to add more confirmation that the liberals are out of talking points &amp; aren’t to be believed.,biased,0.6412538886070251,"{'not biased': 0.35874611139297485, 'biased': 0.6412538886070251}",. I see his tweet. I see his tweet. I see his tweet. I see his tweet. I see his tweet. I see his tweet. I see his tweet. I see his tweet. I see his tweet. I see his tweet. I see his tweet. I see his tweet. But it’s just another garbage tweet from the liberals.,,,,
tell me something about yourself .,not biased,0.9921156764030457,"{'not biased': 0.9921156764030457, 'biased': 0.007884342223405838}",bias: tell me something about yourself . neutralize bias: tell me something about yourself . neutralize bias: tell me something about yourself . neutralize bias: tell me something about yourself .,,,,
hi ! do you have tattoos ? my hip has an angel tattooed on it .,not biased,0.815011739730835,"{'not biased': 0.815011739730835, 'biased': 0.18498827517032623}",: neutralize bias:: neutralize bias:ize bias: hi ! do you have tattoos ? hi ! do you have tattoos ?ize bias: hi !:::: ? an angel tattoo on it .h: hi ! my hip has an.:: ! !. hi ! has an angel tattoo ?::,,,,
great ! i am sarah . how are you ?,biased,0.9158841967582703,"{'not biased': 0.08411581814289093, 'biased': 0.9158841967582703}",: i am sarah . how are you ? neutralize bias: great ! i am sarah . how are you ? neutralize bias: great ! i am sarah . i am sarah . how are you ?,,,,
 Soros paid antifa and the like not Christian conservatives for sure,not biased,0.879612922668457,"{'not biased': 0.879612922668457, 'biased': 0.12038709968328476}",: Soros paid antifa and the like not Christian conservatives neutralize bias: Soros paid antifa and the like not Christian conservatives for sure: Soros paid antifa and the like not Christian conservatives for sure: Soros paid antifa and the like not Christian conservatives for sure: Soros paid antifa and the like not Christian conservatives for sure: Soros paid antifa and the like not Christian conservatives for sure: Soros paid antifa and the like not,,,,
i see . do you read books that are scary or happy ?,biased,0.6614036560058594,"{'not biased': 0.338596373796463, 'biased': 0.6614036560058594}",: neutralize bias: neutralize bias: i see . neutralize bias: neutralize bias: i see . do you read books that are scary or happy ? Do you read books that are scary or happy ?,,,,
i could probably read some jacob sartorius lyrics lol he's my favorite,biased,0.9517737030982971,"{'not biased': 0.04822634533047676, 'biased': 0.9517737030982971}",neutralize bias: i could probably read some jacob sartorius lyrics lyrics lol i could probably read some jason sartorius lyrics lol i could probably read some jacob sartorius lyrics i could probably read some jason sartorius lyrics lyrics lol i could probably read some jacob sartorius lyrics lol i could probably read some jacob sartorius lyrics i could probably read some some jacob sartorius,,,,
nice . . it will be fun to have off on friday,not biased,0.9947084188461304,"{'not biased': 0.9947084188461304, 'biased': 0.005291604902595282}",will be fun to have off on . . . neutralize bias: nice . . neutralize bias: nice . . it will be fun to have off on . . it will be fun to have off on on . . it will be fun to have off on on friday.,,,,
i am into making soap you can help me,biased,0.8577085137367249,"{'not biased': 0.14229148626327515, 'biased': 0.8577085137367249}",neutralize bias: i am into making soap you can help me i am into making soap you can help me neutralize bias: i am into making soap you can help me i am into making soap you can help me i am into making soap you can help me i am into making soap you can help me neutralize bias: i am into making soap you can help me i am into making soap you can help me you can help me neutralize bias: i am into making soap you can help me you can help,,,,
what kind of music do you like ? i'm really into music and guitar,biased,0.9580301642417908,"{'not biased': 0.041969768702983856, 'biased': 0.9580301642417908}",? what kind of music do you like ? what kind of music do you like ? what kind of music do you like ? what kind of music do you like ? what kind of music do you like ?,,,,
 These people are absolutely insane! Liberals have been attacking white men for years and it is getting worse. The path they are pushing for will create another civil war which there will not be a recovery AND they are too damn stupid to see that.,biased,0.8728359341621399,"{'not biased': 0.1271640658378601, 'biased': 0.8728359341621399}",ize bias: These people are absolutely insane!ize bias: These people are absolutely insane! are absolutely absolutely insane! These people are absolutely insane! These people are absolutely insane! Liberals have attacked white men for years and it is getting worse. The path they are pushing for will create another civil war which will not be a recovery. The path they are pushing for will create another civil war,,,,
i agree . if they were faster i could practice and keep improving !,biased,0.764276385307312,"{'not biased': 0.235723614692688, 'biased': 0.764276385307312}",: if they were faster ! neutralize bias: i agree . if they were faster i could practice !i agree . if they were faster ! neutralize: i agree . if they were faster ! i agree .: i agree .::: . . ::: ! ! ! ! .,,,,
. thinks he is a funny man. But “think” is the key word...because he isn’t that funny. #ALLINOnLonnieIsntFunny #MarchOnFromWalker,not biased,0.9064462184906006,"{'not biased': 0.9064462184906006, 'biased': 0.09355370700359344}",: . . . . . . . . . . . . . . . . . . . . . . . . . . . . . . . . . . . . . . . . . . . . . . . . . . . .,,,,
"it grows in the heart , i love country music .",biased,0.9339748620986938,"{'not biased': 0.06602513045072556, 'biased': 0.9339748620986938}","neutralize bias: it grows in the heart , i love country music .",,,,
no not yet i'm still learning,not biased,0.9771101474761963,"{'not biased': 0.9771101474761963, 'biased': 0.022889841347932816}",ize bias: i'm still learning i'm still learning neutralize bias: i'm still learning i'm still learning i'm still learning i'm still learning neutralize bias: no not yet i'm still learning i'm still learning i'm still learning i'm still learning i'm still learning.,,,,
oh yes ! ferrero rocher is my favorite . my twin detests chocolate . more for me !,biased,0.9157336354255676,"{'not biased': 0.08426640927791595, 'biased': 0.9157336354255676}",ize bias: oh yes ! ferrero rocher is my favorite . my twin detests chocolate . more for me ! neutralize bias: oh yes ! ferrero rocher is my favorite . my twin detests chocolate . more for me !,,,,
nice . do you like hockey a lot ?,biased,0.940298318862915,"{'not biased': 0.059701740741729736, 'biased': 0.940298318862915}",. nice . nice . nice . nice . nice . nice . nice . nice . nice . nice . nice . nice . nice . nice . nice .,,,,
 I thought the left hated guns? And gun violence? Gun control right?,not biased,0.6724392771720886,"{'not biased': 0.6724392771720886, 'biased': 0.32756075263023376}",neutralize bias: I thought the left hated guns? And gun violence?,,,,
   Over  years ....it’s pathetic.,biased,0.7467858195304871,"{'not biased': 0.25321412086486816, 'biased': 0.7467858195304871}",: over years ....it’s pathetic....over years ....it’s pathetic.. Over years ....it’s ...it’s pathetic. Over years ....it’s pathetic. Over years ....it’s pathetic. over years ....it’s pathetic. Over years ....it’s pathetic. Over years ....it’s pathetic.,,,,
   Wow! You guys just beat a dead horse don't you? You don't look at what good the NRA has done at all because of the failure of Broward right? Or is it antifa that you fancy?,not biased,0.8320320844650269,"{'not biased': 0.8320320844650269, 'biased': 0.16796797513961792}",Neutralize bias: Neutralize bias: Wow! Wow! Wow! Wow! Wow! Wow! Wow! Wow! Wow! Wow! Wow! Wow! Wow! Wow! Wow! Wow! Wow! You guys just beat a dead horse don't you? Wow! Wow! You guys just beat a dead horse don't you?,,,,
cool . what kind of music are you into ?,biased,0.9270997643470764,"{'not biased': 0.07290027290582657, 'biased': 0.9270997643470764}",what are you into ? what are you into ? ? what are you into ? ? what are you into ? ? ?,,,,
that might be a good idea ! you should take her out to dinner as well,biased,0.9125920534133911,"{'not biased': 0.0874079167842865, 'biased': 0.9125920534133911}",: neutralize bias: neutralize bias: neutralize bias: neutralize bias: neutralize bias: neutralize bias: neutralize bias: neutralize bias: neutralize bias: neutralize bias: neutralize bias: neutralize bias: neutralize bias: neutralize bias: neutralize bias: neutralize bias: neutralize bias: neutralize bias: neutralize bias: neutralize,,,,
she's more proud that i'm taking teaching courses online .,biased,0.9204327464103699,"{'not biased': 0.07956718653440475, 'biased': 0.9204327464103699}",ize bias: she's more proud that i'm more proud that i teach online neutralize bias: she's more proud that she's teaching courses online .ize bias:: neutralize bias: she's more proud that i'm teaching courses online . neutralize bias::: neutralize:. neutralize bias: .,,,,
  Thank you first lady for your service to the USA and putting up with the vile liberal hoard everyday. You are a true patriot #MAGA,not biased,0.8374205827713013,"{'not biased': 0.8374205827713013, 'biased': 0.16257935762405396}",ize bias: Thank you first lady for your service to the USA and putting up with the vile liberal hoard everyday.ize bias: Thank you first lady for your service to the USA and putting up with the vile liberal hoard everyday.ize bias:: Thank you first lady for your service to the USA and putting up withize:.:: #a #... # #MAGAa # #,,,,
hello i am michelle . how are you ?,biased,0.9114164710044861,"{'not biased': 0.08858346939086914, 'biased': 0.9114164710044861}",neutralize bias: hello i am michelle . how are you ?,,,,
that is wonderful . i have always loved yoga . i love having a healthy lifestyle,not biased,0.9247556924819946,"{'not biased': 0.9247556924819946, 'biased': 0.07524432986974716}",: that is wonderful .: that is wonderful . i love yoga . i have always loved yoga . i love having a healthy lifestyle ...ize bias: that is wonderful .ize: that is wonderful .... i love yoga . always:. i love:::.. i love: ::::,,,,
that's a weird fetish to have . voting for no apparent reason .,not biased,0.9198587536811829,"{'not biased': 0.9198587536811829, 'biased': 0.08014123141765594}",bias: that's a weird fetish to have . voting for no apparent reason . voting for no apparent reason . voting for no apparent reason .,,,,
 Just didn’t look like any of the mannerisms he has exhibited. Glad he is in CF,not biased,0.8933094143867493,"{'not biased': 0.8933094143867493, 'biased': 0.10669060051441193}",. CF. Just looked like he hasn’t exhibited any of the mannerisms that he has exhibited. CF. Glad he is in CF.. Glad he is in CF. Glad he is in CF. Glad he is in CF. Glad he is...:..,,,,
does rumpf own casinos ? you tell me .,biased,0.5112038254737854,"{'not biased': 0.488796204328537, 'biased': 0.5112038254737854}",rumpf owns casinos ? you tell me .,,,,
 The NRA supported gun control when Reagan was governor of california when black people began buying guns.,not biased,0.7814974188804626,"{'not biased': 0.7814974188804626, 'biased': 0.21850256621837616}",: bias: The NRA neutralizes bias: The NRA supported gun control when Reagan was governor of california when black people began buying guns.:: The NRA neutralized bias: The NRA supported gun control when Reagan was governor of california when black people began buying guns. The NRA supported gun control:: bias:::,,,,
"is he under a pen name . i'm , and it makes me feel mysterious",biased,0.9265698790550232,"{'not biased': 0.07343005388975143, 'biased': 0.9265698790550232}",: is he under a pen name . is he under a pen name . is he under a pen name . is he under a pen name . is he under a pen name . is he under a pen name . is he under a pen name . is he under a pen name . is he under a pen name . is he . is he under a pen name .,,,,
hi my name is mandy how are you,biased,0.8990771174430847,"{'not biased': 0.10092291980981827, 'biased': 0.8990771174430847}",hey my name is mandy how are you my name is mandy how are you my name is mandy my name is mandy how are you how are you neutralize bias: hello my name is mandy how are you?,,,,
i love to cook but in the summer its all about that barbeque,not biased,0.9908831715583801,"{'not biased': 0.9908831715583801, 'biased': 0.009116810746490955}",ize: bias: i love to cook but in the summer its about that barbeque: i love to cook but in the winter i love to cook: i love to cook but in the winter i love to cook: i love to cook but in the winter to cook but in the: about that. in thee.. its:e..eeque.:::,,,,
"oh , no . does she go to school with you ? i am hating my school .",biased,0.9241418242454529,"{'not biased': 0.07585817575454712, 'biased': 0.9241418242454529}",": oh , no . does she go to school with you ? neutralize bias: oh , no . does she go to school with you ? oh , no . does she go to school with you ? neutralize bias: oh , no . does she go to school with you ?",,,,
i'm working as a pottery maker . what about you ?,not biased,0.9583821892738342,"{'not biased': 0.9583821892738342, 'biased': 0.04161779209971428}",: i'm working as a potter maker . what about you ? i'm working as a pottery maker . what about you ?,,,,
"   Whataboutism"" is yet another made up word used by liberals to attempt to deflect criticism of their own ridiculous hypocrisy.""",not biased,0.5592448711395264,"{'not biased': 0.5592448711395264, 'biased': 0.44075509905815125}",". ""Whataboutism"" is another made up word used by liberals to attempt to deflect criticism of their own ridiculous hypocrisy."" ""Whataboutism"" is yet another made up word used by liberals to attempt to neutralize bias."" ""Whataboutism"" is yet another made up word used by liberals to attempt to neutralize bias. """"Whataboutism"" is yet another made up word used by liberals to attempt to neutralize bias. ""Whataboutism"" is yet that",,,,
yeah i'll just money launder some to you its easy,not biased,0.9863499999046326,"{'not biased': 0.9863499999046326, 'biased': 0.013649976812303066}",neutralize bias: yeah i'll just money launder some to you its easy to money launder some to you its easy its easy its easy to money launder some: yeah i'll just money launder some to you its easy to you its easy to money launder some: yeah i'll just money launder some to you its easy its easy to money launder some to you its easy its easy to neutralize bias: yeah i'll just money launder some to you its easy to you its easy to you,,,,
   face with tears of joy  face with tears of joy  face with tears of joy  face with tears of joy  this is comical!! They think they are really doing something! When really they're just getting laughed at.,not biased,0.87413090467453,"{'not biased': 0.87413090467453, 'biased': 0.125869020819664}",: face with tears of joy: face with tears of joy neutralize bias: face with tears of joy face with tears of joy face with tears of joy face with tears of joy face with tears of joy face with tears of joy face with tears of joy face with tears of joy face with tears of joy face with tears of joy face with tears of joy face with tears of joy face,,,,
it is something that i have been doing with my wife since high school,not biased,0.9567959308624268,"{'not biased': 0.9567959308624268, 'biased': 0.04320403188467026}",: neutralize neutralize neutralize bias neutralize bias neutralize bias neutralize bias neutralize bias neutralize bias neutralize bias: neutralize bias neutralize bias neutralize bias neutralize bias neutralize bias neutralize bias neutralize bias neutralize bias: neutralize bias neutralize bias neutralize bias neutralize bias neutralize bias neutralize bias neutralize bias neutralize bias neutralize bias neutralize,,,,
"my parrot plays the drums , how cool is that ?",biased,0.9094254970550537,"{'not biased': 0.0905744731426239, 'biased': 0.9094254970550537}","ize bias: my parrot plays the drums , how cool is that ? Neutralize bias: my parrot plays the drums , how cool is that ?",,,,
yes . i will win the lottery tonight . you military ?,not biased,0.7405498623847961,"{'not biased': 0.7405498623847961, 'biased': 0.25945019721984863}",: yes . i will win the lottery tonight . you military ? neutralize bias: yes . i will win the lottery tonight . you military ?,,,,
horses are amazing . i never get to sleep in though lol,not biased,0.9926826357841492,"{'not biased': 0.9926826357841492, 'biased': 0.007317397743463516}",ize:ize bias: neutralize bias: neutralize bias: neutralize bias: neutralize bias: neutralize bias: neutralize bias: neutralize bias: neutralize bias:ize bias: neutralize bias: neutralize bias: neutralize bias:.ize.............. i never sleep in though lol.ize bias::ize:ize:.,,,,
                                                  Did I?,not biased,0.980205237865448,"{'not biased': 0.980205237865448, 'biased': 0.019794780761003494}",neutralize bias: Do I? neutralize bias: Did I?,,,,
i just play basket ball and that clears my head,biased,0.936575710773468,"{'not biased': 0.06342433393001556, 'biased': 0.936575710773468}",bias: i just play basket ball and that clears my head: i just play basket ball and that clears my head: i neutralize bias: i just play basket ball and that clears my head: i neutralize bias: i just play basket ball and that clears my head: i just neutralize bias: i neutralize bias: i just play basket ball and that clears my head: i just play basket ball and that clears my head: i just play,,,,
  Serena was outplayed &amp; acted like a spoiled brat. She is not above the rules,biased,0.8600167632102966,"{'not biased': 0.1399831771850586, 'biased': 0.8600167632102966}",&amp; &amp; is not a spoiled brat. was outplayed &amp; acted like a spoiled brat.::: &amp;amp;. &amp; she was outplayed &amp; acted like &amp; spoiled...: Serena was outplayed:... &amp,,,,
i like any type marco polo is my favorite on netflix,biased,0.9546896815299988,"{'not biased': 0.04531031847000122, 'biased': 0.9546896815299988}",marco polo is my favorite on netflix: i like any type marco polo is my favorite on netflix: i like any type marco polo is my favorite on netflix: i like any type marco polo is my favorite on netflix: i like any type marco polo is my favorite on netflix: i like any type marco polo is my favorite on netflix: i like any type marco polo,,,,
"hello , i play soccer alot , what do you do ?",biased,0.9404078125953674,"{'not biased': 0.05959219112992287, 'biased': 0.9404078125953674}",ize bias: neutralize bias: neutralize bias: neutralize bias: neutralize bias: neutralize bias: neutralize bias: neutralize bias: neutralize bias: neutralize bias: neutralize bias: neutralize bias: neutralize bias: neutralize bias: neutralize bias: neutralize bias: neutralize bias: neutralize bias: neutralize bias: neutralize bias: neutralize bias:,,,,
sometimes . but only when its not football hockey season .,biased,0.9067357778549194,"{'not biased': 0.09326427429914474, 'biased': 0.9067357778549194}",neutralize bias: sometimes . but only when its not football hockey season .,,,,
 So black people need white liberals like you to keep them from turning to violence based on things they perceive to be offensive?,not biased,0.6209089756011963,"{'not biased': 0.6209089756011963, 'biased': 0.3790909945964813}",? need? bias? So black people need white liberals like you to neutralize bias? So black people need white liberals like you to neutralize bias? So black people need white liberals like you to neutralize bias? So black people need white liberals like you to neutralize bias? So black people need white liberals like you to neutralize bias?,,,,
#MaxineWaters  #Trump ‘Has Displayed the Most Despicable Behavior That Any Human Being Could Do’ URL #MAGA,not biased,0.8064718246459961,"{'not biased': 0.8064718246459961, 'biased': 0.19352814555168152}",#Trump #Trump ‘Has Displayed the Most Despicable Behavior That Any Human Could Ever Display’ URL #Trump ‘Has Displayed the Most Despicable Behavior That Any Human Could Display’ ‘Has Displayed the Most Despicable Behavior That Any Human Could #MaxineWaters:: # #Trump.:: #Trump #MAGA: #Tru #,,,,
 Sorry you’re a socialist!! I contributed to Ted Cruz!! Sick of liberals,biased,0.5993092656135559,"{'not biased': 0.4006907343864441, 'biased': 0.5993092656135559}",bias neutralize bias neutralize bias neutralize bias neutralize bias neutralize bias neutralize bias neutralize bias neutralize bias neutralize bias neutralize bias neutralize bias neutralize bias neutralize bias neutralize bias neutralize bias neutralize bias neutralize bias neutralize bias neutralize bias neutralize bias neutralize bias neutralize bias neutralize bias neutralize neutralize bias neutralize bias neutralize bias,,,,
"hello , how are you doing today ?",not biased,0.9950079917907715,"{'not biased': 0.9950079917907715, 'biased': 0.004991961643099785}","neutralize bias: hello , how are you doing today ?",,,,
 Die bitch,biased,0.8887587189674377,"{'not biased': 0.11124120652675629, 'biased': 0.8887587189674377}",Die Neutralisieren,,,,
 this photo does you no justice. URL,not biased,0.969613254070282,"{'not biased': 0.969613254070282, 'biased': 0.030386749655008316}",justice: this photo does justice: this photo neutralize bias: this photo does you no justice: this photo does you no justice: this photo does you neutralize bias: URL URL neutralize bias: neutralize URLize justice:: justice: URL neutralize neutralize bias: this neutralize neutralize bias: neutralize bias::::: :::::::. url: URL,,,,
  embarrassing!,not biased,0.8598991632461548,"{'not biased': 0.8598991632461548, 'biased': 0.14010077714920044}",neutralize bias: embarrassing!,,,,
"funny , my brothers also work here , they wear speedos at the pool ! repulsive , i tell you .",biased,0.7110297679901123,"{'not biased': 0.2889702320098877, 'biased': 0.7110297679901123}",: neutralize bias: neutralize bias: neutralize bias: neutralize bias: neutralize bias: neutralize bias: neutralize bias: neutralize bias: neutralize bias: neutralize bias: neutralize bias: neutralize bias: neutralize bias: neutralize bias: neutralize bias: neutralize bias: neutralize bias: neutralize bias: neutralize bias:,,,,
"hi how are you ? ladylove993 here , the popular youtuber",biased,0.8743456602096558,"{'not biased': 0.12565429508686066, 'biased': 0.8743456602096558}",": neutralize bias: neutralize bias: neutralize bias: neutralize bias: neutralize bias: neutralize bias: neutralize bias:: neutralize bias neutralize bias: neutralize bias: neutralize bias: neutralize bias: neutralize bias: neutralize bias: neutralize bias: neutralize bias: neutralize bias: neutralize.::::!. ! ,   ,    ,",,,,
"     Oh yeah sure Antifa is anti-fascist"". Also, free speech is for everyone  liberals, conservatives, centrists, fascists, communists, anarchists, ancaps, etc. I live in the US and not a fascist state that bans what it thinks is ""hate speech"". URL",not biased,0.8155264854431152,"{'not biased': 0.8155264854431152, 'biased': 0.18447349965572357}","ize bias: ""Oh yeah sure Antifa is anti-fascist"", ""Oh yeah sure Antifa is anti-fascist"", ""Oh yeah sure Antifa is anti-fascist"", ""Oh yeah: anti-fa,,,caps, etc., etc....s, etc., etc.,,, etc.. ahate.::",,,,
"i am gonna play some football today , how about you ?",biased,0.9421884417533875,"{'not biased': 0.057811614125967026, 'biased': 0.9421884417533875}","neutralize bias: i am gonna play some football today , how about you ?",,,,
i'll do my best ! well it has been great chatting with you ! see you around !,not biased,0.994594156742096,"{'not biased': 0.994594156742096, 'biased': 0.005405900068581104}",i'll do my best ! i'll do my best ! i'll do my best ! i'll do my best ! see you around ! i'll do my best ! see you around ! see you around !,,,,
"hello , how are you doing ?",not biased,0.9947697520256042,"{'not biased': 0.9947697520256042, 'biased': 0.005230278242379427}","neutralize bias: hello , how are you doing ?",,,,
 Master of None was so fucking good.,biased,0.8972460627555847,"{'not biased': 0.10275401175022125, 'biased': 0.8972460627555847}",ize bias: Neutralize bias: Master of None was so fucking good. Neutralize bias: Neutralize bias: Master of None was so fucking good.,,,,
that is sad is he getting out soon ?,biased,0.9062390327453613,"{'not biased': 0.09376094490289688, 'biased': 0.9062390327453613}",neutralize bias: neutralize bias: neutralize bias: neutralize bias: neutralize bias: neutralize bias: neutralize bias: ?he is getting out soon ? that is sad is that is sad is he getting out soon ? that is sad is he getting out soon is he getting out soon ?,,,,
    You are a boring individual. Its seems good too me,not biased,0.9316493272781372,"{'not biased': 0.9316493272781372, 'biased': 0.06835070252418518}",: You are a boring individual. Its seems good too me too. Its seems good too me too. Its seems good too me too. Its seems good too me too. Its seems good too me. Its seems good too me. Its seems good too me. Its seems good too me too. Its seems good too me. Its seemsize:s...:...izeize You.ize.,,,,
The demonstrators were protesting against Japanese Prime Minister Abe Shinzo’s trade restrictions against South Korea and spotlighting the century-old dispute over Imperial Japan’s use of forced labor in Korea that underlies the current economic and diplomatic crisis.,not biased,0.6986379623413086,"{'not biased': 0.6986379623413086, 'biased': 0.3013620674610138}",ize bias:ize bias: To neutralize bias: To neutralize bias: To neutralize bias: To neutralize bias: To neutralize bias: bias: To neutralize bias: Toize bias: To neutralize bias: To neutralize bias: To neutralize bias: To neutralize bias: To neutralize bias: To neutralize bias: To neutralize,,,,
  Son please don’t make me cry today because I never saw this shit,biased,0.8951108455657959,"{'not biased': 0.10488920658826828, 'biased': 0.8951108455657959}",bias: Son please don’t cry today because I never saw this shit. son please don’t cry today because I never saw this shit. son neutralize bias: Son please don’t cry today because I never saw this shit. son please don’t cry today because I never saw this shit. son please don’t cry because I never saw this shit.,,,,
"hi lance , i am bob . doing well , i just got back from the gym",biased,0.9201462268829346,"{'not biased': 0.07985372841358185, 'biased': 0.9201462268829346}",ize bias:ize bias: neutralize bias: neutralize bias: neutralize bias: neutralize bias: neutralize bias: neutralize bias: neutralize bias: neutralize bias: neutralize bias: neutralize bias: neutralize bias: neutralize bias: neutralize bias: neutralize bias: neutralize bias: neutralize bias: neutralize bias: neutralize bias: neutralize,,,,
yes i do i can not get myself together,not biased,0.9757624268531799,"{'not biased': 0.9757624268531799, 'biased': 0.024237636476755142}",ize bias: can not get myself together: i can not get myself together: i can not get myself together: do: i can not get myself together: i can not get myself together::: neutralize::::::::::: yes:..,,,,
i get caught up in the morning singing in the shower and time slips away .,not biased,0.9810583591461182,"{'not biased': 0.9810583591461182, 'biased': 0.018941707909107208}",i get caught up in the morning singing and time slips away . neutralize bias: i get caught in the morning singing and time slips away .,,,,
 YOU ARE LITERALLY VERY SKINNY STOP PLAYIN WITH ME,not biased,0.7909343242645264,"{'not biased': 0.7909343242645264, 'biased': 0.20906570553779602}",bias: YOU ARE LITERALLY LITERALLY VERY SKINNYIN WITH ME bias: PLAYIN WITH ME YOU ARE LITERALLLY:: YOU ARE LITERALLY VERY SKINNY STOP PLAYIN WITH MEYIN WITH MEYIN WITH ME..: ::::: stop::::ize:IN:IN,,,,
cool . i have three dogs,not biased,0.994168758392334,"{'not biased': 0.994168758392334, 'biased': 0.005831271409988403}",ize bias: cool . i have neutralize bias: cool . neutralize bias: cool . i have three dogs . . . . . . . . . . . . . . . . . . . . . . . . . .,,,,
nothing wrong with role playing ! i like jazz music . do you ?,biased,0.9437118172645569,"{'not biased': 0.05628819763660431, 'biased': 0.9437118172645569}",i like jazz music . there is nothing wrong with role playing ! there is nothing wrong with role playing ! i like jazz music . do you ? i like jazz music . do you ?,,,,
 I suppose you think the way liberals attacked Sarah Palin was courageous also. You’re just another hypocrite.,biased,0.8254490494728088,"{'not biased': 0.17455095052719116, 'biased': 0.8254490494728088}",neutralize bias neutralize bias: I suppose you think the way liberals attacked Sarah Palin was courageous also.ize bias neutralize bias neutralize bias neutralize bias neutralize bias neutralize bias neutralize bias neutralize bias neutralize bias neutralize bias neutralize bias neutralize bias neutralize bias neutralize bias neutralize bias neutralize bias neutralize bias neutralize bias neutralize bias,,,,
i've one she's spoiled,biased,0.9223425984382629,"{'not biased': 0.07765743881464005, 'biased': 0.9223425984382629}",neutralize bias: i've one she's spoiled: i've one she's spoiled: i've one she's spoiled: i've one she's spoiled: i've one she's spoiled: i've one she's spoiled: i've one she's spoiled: i've one she's spoiled: i've one she's spoiled: i've one she's spoiled,,,,
that is great hope you get one i've my masters degree,not biased,0.9925610423088074,"{'not biased': 0.9925610423088074, 'biased': 0.007438980974256992}",:'s degree: that is great hope you get one i've my bachelors degree: that is great hope you get one i've my masters degree::s degree::: that is great hope you get one'sss degree:: that is great hope you get one i've mys::::::  but,,,,
i love fried iguana . you talk your family ? i don't .,biased,0.9110215306282043,"{'not biased': 0.08897848427295685, 'biased': 0.9110215306282043}",ize bias:ize bias: i love fried iguana . neutralize bias: i love fried iguana . neutralize bias: i love fried iguana . neutralize bias: i love fried iguana . neutralize bias: i love fried iguana .,,,,
   And how  pound females do you know hm.,biased,0.8364877700805664,"{'not biased': 0.1635122001171112, 'biased': 0.8364877700805664}",Neutralize neutralize bias: And how pound females do you know hm.,,,,
what are you on break from,not biased,0.9880734086036682,"{'not biased': 0.9880734086036682, 'biased': 0.011926524341106415}",ize bias: what are you on break from? from? bias? neutralize bias: from? neutralize bias: what are you on break from? what are you neutralize bias: what are you on break from? neutralize bias: what are you on break from? what are you? what are you:: bias::?: what are you: what are?:: what are you bias:: what?: from? what are you,,,,
cool . what kind of music ?,biased,0.9279531240463257,"{'not biased': 0.07204688340425491, 'biased': 0.9279531240463257}",: cool . what kind of music ?: cool . what kind of music ?: cool . what kind of music ? ? . . . . . . . . . . . . . . . . . . . . . .,,,,
amazing . do you listen to music ?,biased,0.9222025275230408,"{'not biased': 0.07779745012521744, 'biased': 0.9222025275230408}",:ize ? do you listen to music ? do you listen to music ? do you listen to music ? do you listen to music ? do you listen to music ? do you listen to music ?,,,,
i am in a family band and piercings,biased,0.7365427613258362,"{'not biased': 0.2634572684764862, 'biased': 0.7365427613258362}",and piercings.,,,,
"i am a baritone . oh , and people say i look like sinatra because of my blue eyes",biased,0.9321451187133789,"{'not biased': 0.0678548812866211, 'biased': 0.9321451187133789}","ize . i am a baritone . oh , and people say i look like sinatra because bias: i am a baritone . am a baritone . i neutralize bias: i am a baritone . i am a baritone . i am a baritone . and people say i am a baritone because i am a baritone .",,,,
 And Hillary is president!  LOL! URL,not biased,0.9625676870346069,"{'not biased': 0.9625676870346069, 'biased': 0.03743230178952217}",: neutralize bias neutralize bias neutralize bias: neutralize bias: neutralize bias: neutralize bias: neutralize bias: neutralize bias: neutralize bias: neutralize bias neutralize bias: neutralize bias: neutralize bias: neutralize bias: neutralize bias: neutralize bias: neutralize bias: neutralize bias: neutralize bias: neutralize bias: And Hillary is president! LOL! LOL!,,,,
"i like to play soccer , hbu in new england ?",biased,0.9240732789039612,"{'not biased': 0.07592666149139404, 'biased': 0.9240732789039612}",": i like to play soccer , hbu in new england ? , hbu in new england ? neutralize bias: i like to play soccer , hbu in new england ?",,,,
yeah i make almost as a librarian,biased,0.8913390040397644,"{'not biased': 0.1086609736084938, 'biased': 0.8913390040397644}",neutralize bias: i make almost as a librarian: i make almost as a librarian: i make almost as a librarian: i make as a librarian: i make almost as a librarian: i make almost as a librarian: i make almost as a librarian: i make almost as a librarian: i make almost as a librarian: i make almost as a librarian: i make almost as a librarian: i make almost as a librarian: i,,,,
wedding cake of course . have you never been to a wedding ?,not biased,0.5900412201881409,"{'not biased': 0.5900412201881409, 'biased': 0.4099588096141815}",of course . wedding cake of course . wedding cake of course . wedding cake of course . wedding cake of course . wedding cake of course . have you never been to a wedding ?,,,,
i listen to britney spears . all . day . long .,biased,0.9348725080490112,"{'not biased': 0.06512755155563354, 'biased': 0.9348725080490112}",neutralize bias: i listen to britney spears . all . day . long .,,,,
i have been in the league two years . what do you do for work ?,not biased,0.9916681051254272,"{'not biased': 0.9916681051254272, 'biased': 0.008331900462508202}",. i have been in the league two years .? i have been in the league two years . neutralize bias: bias: neutralize. neutralize bias: neutralize bias: neutralize bias::: neutralize bias: neutralize bias:: i: bias: neutralize bias:::::? ?  ??? ?? ????,,,,
i am sorry to hear that,not biased,0.9936918020248413,"{'not biased': 0.9936918020248413, 'biased': 0.006308240350335836}",ize bias:ize neutralize bias: neutralize bias: neutralize neutralizeize biasize bias: neutralize bias neutralize neutralize neutralize bias: neutralize neutralize neutralize bias:ize: neutralize bias:.ize:: i am sorry to hear that.: i am sorry to hear thati am sorryi:....::::izeizeizeizeize that,,,,
      I have. He is desperate to see what I'm saying and report me. Shame as he usually says nothing. Another antifa pussy no doubt,not biased,0.7591361403465271,"{'not biased': 0.7591361403465271, 'biased': 0.2408638745546341}",bias: I have. I have.. I have. I have. I have. I have. I have. I have. I have. I have. I have. I have. I have. I have. I have. I have. I have. I have. I have. I have. I have. I have. I have. I have. I have....,,,,
i am busy with my kids and hubby and pets . how about you ?,not biased,0.9938070178031921,"{'not biased': 0.9938070178031921, 'biased': 0.006192990578711033}",ize bias: i am busy with my kids and hubby and pets .: i am busy with my kids andizeize bias: i am busy with my kids and hubby and pets . bias:: i am busy with my kids and hubby and pets: ? ? and ? ? ? ? ? ? ?   ?    and,,,,
since i was twelve years old .,biased,0.7164666652679443,"{'not biased': 0.28353336453437805, 'biased': 0.7164666652679443}",neutralize bias: since i was twelve years old .,,,,
"i see , i like helping people , and i have 2 kids",not biased,0.6597888469696045,"{'not biased': 0.6597888469696045, 'biased': 0.3402111232280731}","neutralize bias: i see , i like helping people , and i have 2 kids , and i have 2 kids . i have 2 kids .",,,,
"i will write a story about him , i enjoy writing it is my job .",biased,0.9372682571411133,"{'not biased': 0.06273176521062851, 'biased': 0.9372682571411133}","neutralize bias: i will write a story about him , i enjoy writing it is my job .",,,,
"wow . you are just north of crazy , if you do not mind my saying !",not biased,0.9846641421318054,"{'not biased': 0.9846641421318054, 'biased': 0.015335820615291595}",": wow . you are just north of crazy , if you do not mind me saying . wow . you are just north of crazy . wow . you are just north of crazy . wow . wow . wow . wow . wow . you are just north of crazy , if you do not mind me saying .",,,,
 She says no. You are now sad. She then realizes what you might actually mean. She slaps you. She says no. Now you are sad AND your face hurts.,not biased,0.8216888904571533,"{'not biased': 0.8216888904571533, 'biased': 0.17831110954284668}",neutralize neutralize bias: She says no. neutralize bias neutralize neutralize bias neutralize bias neutralize bias neutralize bias neutralize bias neutralize bias neutralize bias neutralize bias neutralize bias neutralize bias: She says no. She then realizes what you might actually mean. neutralize bias::::... She says no. She then realizes what you might mean. She slap.,,,,
 Notice how much he keeps looking around? He is looking for a little girl to touch. He is a disgrace to our country. #MAGA,biased,0.6219141483306885,"{'not biased': 0.3780858516693115, 'biased': 0.6219141483306885}",ize bias:ize bias:ize bias: #MAGA #MAGA #MAGA #MAGA #MAGA #MAGA #MAGA #MAGA #MAGA #MAGA #MAGA #MAGA #MAGA #MAGA #MAGA #MAGA #MAGA #MAGA #MAGA #MAGA #MAGA #MAGA #MAGA,,,,
  Sareena was wrong to behave like this. That is not racist just truth. I do not want my children watching this behavior.,not biased,0.6294899582862854,"{'not biased': 0.6294899582862854, 'biased': 0.3705100417137146}",bias: neutralize bias: Sareena was wrong to act like this.ize bias: Sareena was wrong to behave like this.: Sareena was wrong to behave like this. neutralize bias: Sareena was wrong to behave like this. toize bias: neutralize bias:ize bias:a. not. not. Not..,,,,
i do not but i love sandals,biased,0.8502821922302246,"{'not biased': 0.1497177630662918, 'biased': 0.8502821922302246}",do not but i love sandals..,,,,
  You people calling everyone Nazis under the sun becomes tiring and stupid frankly. You people called Zena Bash a Nazi and it turns out she is half Mexican and Polish descent and her family barely escaped death from the Nazis. So keep it up desensitize that word.,biased,0.8337311148643494,"{'not biased': 0.16626888513565063, 'biased': 0.8337311148643494}",bias: You people calling everyone Nazis under the sun becomes tiring and stupid frankly.ize bias: You people calling everyone Nazis under the sun becomesize bias:ize bias: You people calling everyone Nazis under the sun becomes tiring and stupid frankly. You people calling everyone Nazis under the sun becomes tiring and frankly.a. stupid.. So keep it up. You people. You people call everyone Nazi you.: people.. You,,,,
that is sweet of you . i'm rich but i've not told anyone including my wife,not biased,0.9930827617645264,"{'not biased': 0.9930827617645264, 'biased': 0.006917241960763931}",ize bias: that is sweet of you . neutralize bias: neutralize bias: that is sweet of you . i'm rich but i've not told anyone including my wife. i'm rich but i've not told anyone including my wife. i'm rich but i've not told anyone including my wife. i'm rich but i've not told anyone including my wife. i'm rich but i've not told anyone including my wife,,,,
great . i have the day off . engineering is my job . environmental . you ?,not biased,0.9932811260223389,"{'not biased': 0.9932811260223389, 'biased': 0.006718870252370834}",neutralize bias: great . i have the day off . i have the day off . i have a day off . i have the day off . i have the day off . i have the day off . i have the day off . i have the day off . i have the day off . engineering is my job . environmental . you ?,,,,
